{"providers":[{"file":"char/black.png","chars":[""],"height":1,"ascent":-5000,"type":"bitmap"},{"file":"char/black.png","chars":[""],"height":2,"ascent":-5000,"type":"bitmap"},{"file":"char/black.png","chars":[""],"height":3,"ascent":-5000,"type":"bitmap"},{"file":"char/black.png","chars":[""],"height":4,"ascent":-5000,"type":"bitmap"},{"file":"char/black.png","chars":[""],"height":5,"ascent":-5000,"type":"bitmap"},{"file":"char/black.png","chars":[""],"height":6,"ascent":-5000,"type":"bitmap"},{"file":"char/black.png","chars":[""],"height":7,"ascent":-5000,"type":"bitmap"},{"file":"char/black.png","chars":[""],"height":15,"ascent":-5000,"type":"bitmap"},{"file":"char/black.png","chars":[""],"height":31,"ascent":-5000,"type":"bitmap"},{"file":"char/black.png","chars":[""],"height":63,"ascent":-5000,"type":"bitmap"},{"file":"char/black.png","chars":[""],"height":127,"ascent":-5000,"type":"bitmap"},{"file":"char/black.png","chars":[""],"height":256,"ascent":-5000,"type":"bitmap"},{"file":"char/black.png","chars":[""],"height":512,"ascent":-5000,"type":"bitmap"},{"file":"char/black.png","chars":[""],"height":1024,"ascent":-5000,"type":"bitmap"},{"file":"char/black.png","chars":[""],"height":-3,"ascent":-5000,"type":"bitmap"},{"file":"char/black.png","chars":[""],"height":-4,"ascent":-5000,"type":"bitmap"},{"file":"char/black.png","chars":[""],"height":-5,"ascent":-5000,"type":"bitmap"},{"file":"char/black.png","chars":[""],"height":-6,"ascent":-5000,"type":"bitmap"},{"file":"char/black.png","chars":[""],"height":-7,"ascent":-5000,"type":"bitmap"},{"file":"char/black.png","chars":[""],"height":-8,"ascent":-5000,"type":"bitmap"},{"file":"char/black.png","chars":[""],"height":-9,"ascent":-5000,"type":"bitmap"},{"file":"char/black.png","chars":[""],"height":-10,"ascent":-5000,"type":"bitmap"},{"file":"char/black.png","chars":[""],"height":-18,"ascent":-5000,"type":"bitmap"},{"file":"char/black.png","chars":[""],"height":-34,"ascent":-5000,"type":"bitmap"},{"file":"char/black.png","chars":[""],"height":-66,"ascent":-5000,"type":"bitmap"},{"file":"char/black.png","chars":[""],"height":-130,"ascent":-5000,"type":"bitmap"},{"file":"char/black.png","chars":[""],"height":-259,"ascent":-5000,"type":"bitmap"},{"file":"char/black.png","chars":[""],"height":-515,"ascent":-5000,"type":"bitmap"},{"file":"char/black.png","chars":[""],"height":-1027,"ascent":-5000,"type":"bitmap"},{"file":"_iainternal:gui/no_recipe.png","chars":[""],"height":170,"ascent":47,"type":"bitmap"},{"file":"_iainternal:gui/crafting.png","chars":[""],"height":170,"ascent":47,"type":"bitmap"},{"file":"_iainternal:gui/cooking.png","chars":[""],"height":170,"ascent":47,"type":"bitmap"},{"file":"_iainternal:gui/blank_menu.png","chars":[""],"height":170,"ascent":47,"type":"bitmap"},{"file":"_iainternal:gui/anvil_repair.png","chars":[""],"height":170,"ascent":47,"type":"bitmap"},{"file":"_iainternal:gui/smithing.png","chars":[""],"height":170,"ascent":47,"type":"bitmap"},{"file":"_iainternal:hud/small_cooldown_bar/0.png","chars":[""],"height":22,"ascent":-42,"type":"bitmap"},{"file":"_iainternal:hud/small_cooldown_bar/1.png","chars":[""],"height":22,"ascent":-42,"type":"bitmap"},{"file":"_iainternal:hud/small_cooldown_bar/2.png","chars":[""],"height":22,"ascent":-42,"type":"bitmap"},{"file":"_iainternal:hud/small_cooldown_bar/3.png","chars":[""],"height":22,"ascent":-42,"type":"bitmap"},{"file":"_iainternal:hud/small_cooldown_bar/4.png","chars":[""],"height":22,"ascent":-42,"type":"bitmap"},{"file":"_iainternal:hud/small_cooldown_bar/5.png","chars":[""],"height":22,"ascent":-42,"type":"bitmap"},{"file":"_iainternal:hud/small_cooldown_bar/6.png","chars":[""],"height":22,"ascent":-42,"type":"bitmap"},{"file":"_iainternal:hud/small_cooldown_bar/7.png","chars":[""],"height":22,"ascent":-42,"type":"bitmap"},{"file":"_iainternal:hud/small_cooldown_bar/8.png","chars":[""],"height":22,"ascent":-42,"type":"bitmap"},{"file":"_iainternal:hud/small_cooldown_bar/9.png","chars":[""],"height":22,"ascent":-42,"type":"bitmap"},{"file":"_iainternal:hud/small_cooldown_bar/10.png","chars":[""],"height":22,"ascent":-42,"type":"bitmap"},{"file":"_iainternal:hud/small_cooldown_bar/11.png","chars":[""],"height":22,"ascent":-42,"type":"bitmap"},{"file":"_iainternal:hud/small_cooldown_bar/12.png","chars":[""],"height":22,"ascent":-42,"type":"bitmap"},{"file":"_iainternal:hud/small_cooldown_bar/13.png","chars":[""],"height":22,"ascent":-42,"type":"bitmap"},{"file":"_iainternal:hud/small_cooldown_bar/14.png","chars":[""],"height":22,"ascent":-42,"type":"bitmap"},{"file":"_iainternal:hud/small_cooldown_bar/15.png","chars":[""],"height":22,"ascent":-42,"type":"bitmap"},{"file":"_iainternal:hud/small_cooldown_bar/16.png","chars":[""],"height":22,"ascent":-42,"type":"bitmap"},{"file":"_iainternal:hud/small_cooldown_bar/17.png","chars":[""],"height":22,"ascent":-42,"type":"bitmap"},{"file":"_iainternal:hud/small_cooldown_bar/18.png","chars":[""],"height":22,"ascent":-42,"type":"bitmap"},{"file":"_iainternal:hud/small_cooldown_bar/19.png","chars":[""],"height":22,"ascent":-42,"type":"bitmap"},{"file":"_iainternal:hud/small_cooldown_bar/20.png","chars":[""],"height":22,"ascent":-42,"type":"bitmap"},{"file":"screen:screen/whiteboard.png","chars":["ๅ"],"height":50,"ascent":35,"type":"bitmap"},{"file":"screen:screen/ox/1.png","chars":["一"],"height":1300,"ascent":1250,"type":"bitmap"},{"file":"screen:screen/ox/2.png","chars":["二"],"height":1300,"ascent":1250,"type":"bitmap"},{"file":"screen:screen/ox/3.png","chars":["三"],"height":1300,"ascent":1250,"type":"bitmap"},{"file":"screen:screen/ox/4.png","chars":["四"],"height":1300,"ascent":1250,"type":"bitmap"},{"file":"screen:screen/ox/5.png","chars":["五"],"height":1300,"ascent":1250,"type":"bitmap"},{"file":"screen:screen/ox/6.png","chars":["六"],"height":1300,"ascent":1250,"type":"bitmap"},{"file":"screen:screen/ox/7.png","chars":["七"],"height":1300,"ascent":1250,"type":"bitmap"},{"file":"screen:screen/ox/8.png","chars":["八"],"height":1300,"ascent":1250,"type":"bitmap"},{"file":"screen:screen/ox/9.png","chars":["九"],"height":1300,"ascent":1250,"type":"bitmap"},{"file":"screen:screen/ox/10.png","chars":["十"],"height":1300,"ascent":1250,"type":"bitmap"},{"file":"screen:screen/ox/11.png","chars":["百"],"height":1300,"ascent":1250,"type":"bitmap"},{"file":"screen:screen/ox/12.png","chars":["千"],"height":1300,"ascent":1250,"type":"bitmap"},{"file":"screen:screen/ox/13.png","chars":["上"],"height":1300,"ascent":1250,"type":"bitmap"},{"file":"screen:screen/ox/14.png","chars":["下"],"height":1300,"ascent":1250,"type":"bitmap"},{"file":"screen:screen/ox/15.png","chars":["左"],"height":1300,"ascent":1250,"type":"bitmap"},{"file":"screen:screen/ox/16.png","chars":["右"],"height":1300,"ascent":1250,"type":"bitmap"},{"file":"screen:screen/ox/17.png","chars":["中"],"height":1300,"ascent":1250,"type":"bitmap"},{"file":"screen:screen/ox/18.png","chars":["大"],"height":1300,"ascent":1250,"type":"bitmap"},{"file":"screen:screen/ox/19.png","chars":["小"],"height":1300,"ascent":1250,"type":"bitmap"},{"file":"screen:screen/ox/20.png","chars":["日"],"height":1300,"ascent":1250,"type":"bitmap"},{"file":"screen:screen/ox/21.png","chars":["月"],"height":1300,"ascent":1250,"type":"bitmap"},{"file":"screen:screen/ox/22.png","chars":["火"],"height":1300,"ascent":1250,"type":"bitmap"},{"file":"screen:screen/ox/23.png","chars":["水"],"height":1300,"ascent":1250,"type":"bitmap"},{"file":"screen:screen/ox/24.png","chars":["木"],"height":1300,"ascent":1250,"type":"bitmap"},{"file":"screen:screen/ox/25.png","chars":["金"],"height":1300,"ascent":1250,"type":"bitmap"},{"file":"screen:screen/ox/26.png","chars":["土"],"height":1300,"ascent":1250,"type":"bitmap"},{"file":"screen:screen/ox/27.png","chars":["風"],"height":1300,"ascent":1250,"type":"bitmap"},{"file":"screen:screen/ox/28.png","chars":["雨"],"height":1300,"ascent":1250,"type":"bitmap"},{"file":"screen:screen/ox/29.png","chars":["山"],"height":1300,"ascent":1250,"type":"bitmap"},{"file":"screen:screen/sel/1.png","chars":["花"],"height":1300,"ascent":1250,"type":"bitmap"},{"file":"screen:screen/sel/2.png","chars":["草"],"height":1300,"ascent":1250,"type":"bitmap"},{"file":"screen:screen/sel/3.png","chars":["人"],"height":1300,"ascent":1250,"type":"bitmap"},{"file":"screen:screen/sel/4.png","chars":["心"],"height":1300,"ascent":1250,"type":"bitmap"},{"file":"screen:screen/sel/5.png","chars":["手"],"height":1300,"ascent":1250,"type":"bitmap"},{"file":"screen:screen/sel/6.png","chars":["足"],"height":1300,"ascent":1250,"type":"bitmap"},{"file":"screen:screen/sel/7.png","chars":["目"],"height":1300,"ascent":1250,"type":"bitmap"},{"file":"screen:screen/sel/8.png","chars":["耳"],"height":1300,"ascent":1250,"type":"bitmap"},{"file":"screen:screen/sel/9.png","chars":["口"],"height":1300,"ascent":1250,"type":"bitmap"},{"file":"screen:screen/sel/10.png","chars":["鼻"],"height":1300,"ascent":1250,"type":"bitmap"},{"file":"screen:screen/sel/11.png","chars":["車"],"height":1300,"ascent":1250,"type":"bitmap"},{"file":"screen:screen/sel/12.png","chars":["馬"],"height":1300,"ascent":1250,"type":"bitmap"},{"file":"screen:screen/sel/13.png","chars":["鳥"],"height":1300,"ascent":1250,"type":"bitmap"},{"file":"screen:screen/sel/14.png","chars":["魚"],"height":1300,"ascent":1250,"type":"bitmap"},{"file":"screen:screen/sel/15.png","chars":["星"],"height":1300,"ascent":1250,"type":"bitmap"},{"file":"screen:screen/sel/16.png","chars":["海"],"height":1300,"ascent":1250,"type":"bitmap"},{"file":"screen:screen/sel/17.png","chars":["空"],"height":1300,"ascent":1250,"type":"bitmap"},{"file":"screen:screen/sel/18.png","chars":["天"],"height":1300,"ascent":1250,"type":"bitmap"},{"file":"screen:screen/ans/1.png","chars":["黑"],"height":1300,"ascent":1250,"type":"bitmap"},{"file":"screen:screen/ans/2.png","chars":["青"],"height":1300,"ascent":1250,"type":"bitmap"},{"file":"screen:screen/ans/3.png","chars":["赤"],"height":1300,"ascent":1250,"type":"bitmap"},{"file":"screen:screen/ans/4.png","chars":["黃"],"height":1300,"ascent":1250,"type":"bitmap"},{"file":"screen:screen/ans/5.png","chars":["紫"],"height":1300,"ascent":1250,"type":"bitmap"},{"file":"screen:screen/ans/6.png","chars":["龍"],"height":1300,"ascent":1250,"type":"bitmap"},{"file":"screen:screen/ans/7.png","chars":["虎"],"height":1300,"ascent":1250,"type":"bitmap"}]}