{"sources":[{"source":"entity","prefix":"entity/","type":"directory"},{"pattern":{"namespace":"minecraft","path":"entity/fishing_hook"},"type":"filter"},{"type":"single","resource":"modelengine:entity/bigscreen"},{"type":"single","resource":"furniturepack:chair"},{"type":"single","resource":"modelengine:entity/pair_y"},{"type":"single","resource":"modelengine:entity/bell2body"},{"type":"single","resource":"modelengine:entity/whiteboard"},{"type":"single","resource":"modelengine:entity/2"},{"type":"single","resource":"modelengine:entity/linearray"},{"type":"single","resource":"_iainternal:icons/icon_left_blue"},{"type":"single","resource":"modelengine:entity/wallspeaker1"},{"type":"single","resource":"_iainternal:icons/icon_cancel"},{"type":"single","resource":"modelengine:entity/wallspeaker2"},{"type":"single","resource":"modelengine:entity/e704407d-2262-387f-9752-583fe56de430"},{"type":"single","resource":"_iainternal:icons/icon_back_orange"},{"type":"single","resource":"modelengine:entity/c3d371e8-1eb4-35cd-a677-bb9700a7fb26"},{"type":"single","resource":"modelengine:entity/mictex"},{"type":"single","resource":"modelengine:entity/pair_r"},{"type":"single","resource":"_iainternal:icons/icon_arrow_chest"},{"type":"single","resource":"modelengine:entity/smallscreen"},{"type":"single","resource":"_iainternal:icons/icon_search"},{"type":"single","resource":"_iainternal:icons/icon_next_orange"},{"type":"single","resource":"_iainternal:icons/icon_right_blue"},{"type":"single","resource":"modelengine:entity/pair_g"},{"type":"single","resource":"modelengine:entity/pair_b"},{"type":"single","resource":"modelengine:entity/dsaklhdjksahdjk"},{"type":"single","resource":"modelengine:entity/mc2"},{"type":"single","resource":"modelengine:entity/mc1"},{"type":"single","resource":"modelengine:entity/pasted"},{"type":"single","resource":"modelengine:entity/texture"},{"type":"single","resource":"furniturepack:lamp"}]}