{"textures":{"0":"modelengine:entity/pair_y","particle":"#0"},"elements":[{"from":[10.329,7.995,8.05],"to":[11.0,8.005,8.95],"faces":{"east":{"uv":[7.5,7.0,8.0,7.5],"tintindex":0,"rotation":0,"texture":"#0"},"south":{"uv":[7.5,7.5,8.0,8.0],"tintindex":0,"rotation":0,"texture":"#0"},"north":{"uv":[8.0,0.0,8.5,0.5],"tintindex":0,"rotation":0,"texture":"#0"},"west":{"uv":[0.0,8.0,0.5,8.5],"tintindex":0,"rotation":0,"texture":"#0"},"up":{"uv":[1.0,8.5,0.5,8.0],"tintindex":0,"rotation":90,"texture":"#0"},"down":{"uv":[8.5,0.5,8.0,1.0],"tintindex":0,"rotation":270,"texture":"#0"}},"rotation":{"origin":[11.0,7.995,8.05],"angle":22.5,"axis":"y"}},{"from":[8.45,7.995,7.83],"to":[8.8,8.005,8.01],"faces":{"east":{"uv":[0.0,7.5,0.5,8.0],"tintindex":0,"rotation":0,"texture":"#0"},"south":{"uv":[7.5,0.0,8.0,0.5],"tintindex":0,"rotation":0,"texture":"#0"},"north":{"uv":[7.0,7.0,7.5,7.5],"tintindex":0,"rotation":0,"texture":"#0"},"west":{"uv":[0.5,7.5,1.0,8.0],"tintindex":0,"rotation":0,"texture":"#0"},"up":{"uv":[8.0,1.0,7.5,0.5],"tintindex":0,"rotation":0,"texture":"#0"},"down":{"uv":[1.5,7.5,1.0,8.0],"tintindex":0,"rotation":0,"texture":"#0"}},"rotation":{"origin":[8.0,7.995,8.01],"angle":-22.5,"axis":"y"}},{"from":[8.1,7.995,7.96],"to":[8.3,8.005,8.01],"faces":{"east":{"uv":[6.0,7.5,6.5,8.0],"tintindex":0,"rotation":0,"texture":"#0"},"south":{"uv":[7.5,6.0,8.0,6.5],"tintindex":0,"rotation":0,"texture":"#0"},"north":{"uv":[7.5,5.5,8.0,6.0],"tintindex":0,"rotation":0,"texture":"#0"},"west":{"uv":[6.5,7.5,7.0,8.0],"tintindex":0,"rotation":0,"texture":"#0"},"up":{"uv":[8.0,7.0,7.5,6.5],"tintindex":0,"rotation":0,"texture":"#0"},"down":{"uv":[7.5,7.5,7.0,8.0],"tintindex":0,"rotation":0,"texture":"#0"}},"rotation":{"origin":[8.0,7.995,8.01],"angle":-22.5,"axis":"y"}},{"from":[8.8,7.995,7.7],"to":[10.95,8.005,8.01],"faces":{"east":{"uv":[6.5,7.0,7.0,7.5],"tintindex":0,"rotation":0,"texture":"#0"},"south":{"uv":[1.0,1.0,2.0,1.5],"tintindex":0,"rotation":0,"texture":"#0"},"north":{"uv":[1.0,0.5,2.0,1.0],"tintindex":0,"rotation":0,"texture":"#0"},"west":{"uv":[7.0,6.5,7.5,7.0],"tintindex":0,"rotation":0,"texture":"#0"},"up":{"uv":[1.0,2.0,0.0,1.5],"tintindex":0,"rotation":0,"texture":"#0"},"down":{"uv":[2.0,1.5,1.0,2.0],"tintindex":0,"rotation":0,"texture":"#0"}},"rotation":{"origin":[8.0,7.995,8.01],"angle":-22.5,"axis":"y"}},{"from":[8.0,7.995,8.0],"to":[8.05,8.005,8.01],"faces":{"east":{"uv":[3.0,7.5,3.5,8.0],"tintindex":0,"rotation":0,"texture":"#0"},"south":{"uv":[7.5,3.0,8.0,3.5],"tintindex":0,"rotation":0,"texture":"#0"},"north":{"uv":[7.5,2.5,8.0,3.0],"tintindex":0,"rotation":0,"texture":"#0"},"west":{"uv":[3.5,7.5,4.0,8.0],"tintindex":0,"rotation":0,"texture":"#0"},"up":{"uv":[8.0,4.0,7.5,3.5],"tintindex":0,"rotation":0,"texture":"#0"},"down":{"uv":[4.5,7.5,4.0,8.0],"tintindex":0,"rotation":0,"texture":"#0"}},"rotation":{"origin":[8.0,7.995,8.01],"angle":-22.5,"axis":"y"}},{"from":[8.3,7.995,7.9],"to":[8.45,8.005,8.01],"faces":{"east":{"uv":[1.5,7.5,2.0,8.0],"tintindex":0,"rotation":0,"texture":"#0"},"south":{"uv":[7.5,1.5,8.0,2.0],"tintindex":0,"rotation":0,"texture":"#0"},"north":{"uv":[7.5,1.0,8.0,1.5],"tintindex":0,"rotation":0,"texture":"#0"},"west":{"uv":[2.0,7.5,2.5,8.0],"tintindex":0,"rotation":0,"texture":"#0"},"up":{"uv":[8.0,2.5,7.5,2.0],"tintindex":0,"rotation":0,"texture":"#0"},"down":{"uv":[3.0,7.5,2.5,8.0],"tintindex":0,"rotation":0,"texture":"#0"}},"rotation":{"origin":[8.0,7.995,8.01],"angle":-22.5,"axis":"y"}},{"from":[8.05,7.995,7.98],"to":[8.1,8.005,8.01],"faces":{"east":{"uv":[4.5,7.5,5.0,8.0],"tintindex":0,"rotation":0,"texture":"#0"},"south":{"uv":[7.5,4.5,8.0,5.0],"tintindex":0,"rotation":0,"texture":"#0"},"north":{"uv":[7.5,4.0,8.0,4.5],"tintindex":0,"rotation":0,"texture":"#0"},"west":{"uv":[5.0,7.5,5.5,8.0],"tintindex":0,"rotation":0,"texture":"#0"},"up":{"uv":[8.0,5.5,7.5,5.0],"tintindex":0,"rotation":0,"texture":"#0"},"down":{"uv":[6.0,7.5,5.5,8.0],"tintindex":0,"rotation":0,"texture":"#0"}},"rotation":{"origin":[8.0,7.995,8.01],"angle":-22.5,"axis":"y"}}],"display":{"head":{"rotation":[0.0,0.0,0.0]},"firstperson_righthand":{"rotation":[0.0,0.0,0.0]},"thirdperson_lefthand":{"rotation":[0.0,-0.0,-0.0]},"firstperson_lefthand":{"rotation":[0.0,-0.0,-0.0]},"fixed":{"rotation":[0.0,0.0,0.0]},"ground":{"rotation":[0.0,0.0,0.0]},"thirdperson_righthand":{"rotation":[0.0,0.0,0.0]},"gui":{"rotation":[-150.0,-45.0,180.0]}}}