{"textures":{"0":"modelengine:entity/dsaklhdjksahdjk","particle":"#0"},"elements":[{"from":[15.10435,14.0,20.1],"to":[16.69565,22.0,22.1],"faces":{"east":{"uv":[18.0,0.0,19.0,4.0],"tintindex":0,"rotation":0,"texture":"#0"},"south":{"uv":[3.0,18.0,4.0,22.0],"tintindex":0,"rotation":0,"texture":"#0"},"north":{"uv":[17.0,15.0,18.0,19.0],"tintindex":0,"rotation":0,"texture":"#0"},"west":{"uv":[4.0,18.0,5.0,22.0],"tintindex":0,"rotation":0,"texture":"#0"},"up":{"uv":[8.0,22.0,7.0,21.0],"tintindex":0,"rotation":0,"texture":"#0"},"down":{"uv":[22.0,7.0,21.0,8.0],"tintindex":0,"rotation":0,"texture":"#0"}},"rotation":{"origin":[15.9,18.0,21.1],"angle":-22.5,"axis":"z"}},{"from":[11.9,17.20435,20.1],"to":[19.9,18.79565,22.1],"faces":{"east":{"uv":[9.0,21.0,10.0,22.0],"tintindex":0,"rotation":0,"texture":"#0"},"south":{"uv":[17.0,5.0,21.0,6.0],"tintindex":0,"rotation":0,"texture":"#0"},"north":{"uv":[17.0,4.0,21.0,5.0],"tintindex":0,"rotation":0,"texture":"#0"},"west":{"uv":[21.0,9.0,22.0,10.0],"tintindex":0,"rotation":0,"texture":"#0"},"up":{"uv":[21.0,7.0,17.0,6.0],"tintindex":0,"rotation":0,"texture":"#0"},"down":{"uv":[23.0,0.0,19.0,1.0],"tintindex":0,"rotation":0,"texture":"#0"}},"rotation":{"origin":[15.9,18.0,21.1],"angle":22.5,"axis":"z"}},{"from":[15.10435,14.0,20.1],"to":[16.69565,22.0,22.1],"faces":{"east":{"uv":[13.0,7.0,14.0,11.0],"tintindex":0,"rotation":0,"texture":"#0"},"south":{"uv":[8.0,13.0,9.0,17.0],"tintindex":0,"rotation":0,"texture":"#0"},"north":{"uv":[7.0,13.0,8.0,17.0],"tintindex":0,"rotation":0,"texture":"#0"},"west":{"uv":[9.0,13.0,10.0,17.0],"tintindex":0,"rotation":0,"texture":"#0"},"up":{"uv":[21.0,15.0,20.0,14.0],"tintindex":0,"rotation":0,"texture":"#0"},"down":{"uv":[16.0,20.0,15.0,21.0],"tintindex":0,"rotation":0,"texture":"#0"}},"rotation":{"origin":[15.9,18.0,21.1],"angle":45.0,"axis":"z"}},{"from":[11.9,17.20435,20.1],"to":[19.9,18.79565,22.1],"faces":{"east":{"uv":[0.0,21.0,1.0,22.0],"tintindex":0,"rotation":0,"texture":"#0"},"south":{"uv":[16.0,12.0,20.0,13.0],"tintindex":0,"rotation":0,"texture":"#0"},"north":{"uv":[16.0,11.0,20.0,12.0],"tintindex":0,"rotation":0,"texture":"#0"},"west":{"uv":[1.0,21.0,2.0,22.0],"tintindex":0,"rotation":0,"texture":"#0"},"up":{"uv":[20.0,14.0,16.0,13.0],"tintindex":0,"rotation":0,"texture":"#0"},"down":{"uv":[20.0,14.0,16.0,15.0],"tintindex":0,"rotation":0,"texture":"#0"}},"rotation":{"origin":[15.9,18.0,21.1],"angle":22.5,"axis":"z"}},{"from":[15.10435,14.0,20.1],"to":[16.69565,22.0,22.1],"faces":{"east":{"uv":[15.0,7.0,16.0,11.0],"tintindex":0,"rotation":0,"texture":"#0"},"south":{"uv":[15.0,11.0,16.0,15.0],"tintindex":0,"rotation":0,"texture":"#0"},"north":{"uv":[12.0,14.0,13.0,18.0],"tintindex":0,"rotation":0,"texture":"#0"},"west":{"uv":[13.0,15.0,14.0,19.0],"tintindex":0,"rotation":0,"texture":"#0"},"up":{"uv":[21.0,18.0,20.0,17.0],"tintindex":0,"rotation":0,"texture":"#0"},"down":{"uv":[19.0,20.0,18.0,21.0],"tintindex":0,"rotation":0,"texture":"#0"}},"rotation":{"origin":[15.9,18.0,21.1],"angle":22.5,"axis":"z"}},{"from":[15.10435,14.0,20.1],"to":[16.69565,22.0,22.1],"faces":{"east":{"uv":[8.0,17.0,9.0,21.0],"tintindex":0,"rotation":0,"texture":"#0"},"south":{"uv":[9.0,17.0,10.0,21.0],"tintindex":0,"rotation":0,"texture":"#0"},"north":{"uv":[7.0,17.0,8.0,21.0],"tintindex":0,"rotation":0,"texture":"#0"},"west":{"uv":[10.0,17.0,11.0,21.0],"tintindex":0,"rotation":0,"texture":"#0"},"up":{"uv":[22.0,6.0,21.0,5.0],"tintindex":0,"rotation":0,"texture":"#0"},"down":{"uv":[22.0,6.0,21.0,7.0],"tintindex":0,"rotation":0,"texture":"#0"}},"rotation":{"origin":[15.9,18.0,21.1],"angle":22.5,"axis":"z"}},{"from":[15.10435,14.0,20.1],"to":[16.69565,22.0,22.1],"faces":{"east":{"uv":[11.0,16.0,12.0,20.0],"tintindex":0,"rotation":0,"texture":"#0"},"south":{"uv":[16.0,15.0,17.0,19.0],"tintindex":0,"rotation":0,"texture":"#0"},"north":{"uv":[2.0,16.0,3.0,20.0],"tintindex":0,"rotation":0,"texture":"#0"},"west":{"uv":[17.0,0.0,18.0,4.0],"tintindex":0,"rotation":0,"texture":"#0"},"up":{"uv":[3.0,22.0,2.0,21.0],"tintindex":0,"rotation":0,"texture":"#0"},"down":{"uv":[22.0,4.0,21.0,5.0],"tintindex":0,"rotation":0,"texture":"#0"}},"rotation":{"origin":[15.9,18.0,21.1],"angle":45.0,"axis":"z"}},{"from":[11.9,17.20435,20.1],"to":[19.9,18.79565,22.1],"faces":{"east":{"uv":[10.0,21.0,11.0,22.0],"tintindex":0,"rotation":0,"texture":"#0"},"south":{"uv":[19.0,2.0,23.0,3.0],"tintindex":0,"rotation":0,"texture":"#0"},"north":{"uv":[19.0,1.0,23.0,2.0],"tintindex":0,"rotation":0,"texture":"#0"},"west":{"uv":[21.0,10.0,22.0,11.0],"tintindex":0,"rotation":0,"texture":"#0"},"up":{"uv":[23.0,4.0,19.0,3.0],"tintindex":0,"rotation":0,"texture":"#0"},"down":{"uv":[17.0,19.0,13.0,20.0],"tintindex":0,"rotation":0,"texture":"#0"}}},{"from":[15.10435,14.0,20.1],"to":[16.69565,22.0,22.1],"faces":{"east":{"uv":[6.0,14.0,7.0,18.0],"tintindex":0,"rotation":0,"texture":"#0"},"south":{"uv":[14.0,7.0,15.0,11.0],"tintindex":0,"rotation":0,"texture":"#0"},"north":{"uv":[5.0,14.0,6.0,18.0],"tintindex":0,"rotation":0,"texture":"#0"},"west":{"uv":[14.0,11.0,15.0,15.0],"tintindex":0,"rotation":0,"texture":"#0"},"up":{"uv":[21.0,17.0,20.0,16.0],"tintindex":0,"rotation":0,"texture":"#0"},"down":{"uv":[18.0,20.0,17.0,21.0],"tintindex":0,"rotation":0,"texture":"#0"}}},{"from":[15.10435,14.0,20.1],"to":[16.69565,22.0,22.1],"faces":{"east":{"uv":[15.0,15.0,16.0,19.0],"tintindex":0,"rotation":0,"texture":"#0"},"south":{"uv":[0.0,16.0,1.0,20.0],"tintindex":0,"rotation":0,"texture":"#0"},"north":{"uv":[14.0,15.0,15.0,19.0],"tintindex":0,"rotation":0,"texture":"#0"},"west":{"uv":[1.0,16.0,2.0,20.0],"tintindex":0,"rotation":0,"texture":"#0"},"up":{"uv":[21.0,19.0,20.0,18.0],"tintindex":0,"rotation":0,"texture":"#0"},"down":{"uv":[20.0,20.0,19.0,21.0],"tintindex":0,"rotation":0,"texture":"#0"}},"rotation":{"origin":[15.9,18.0,21.1],"angle":45.0,"axis":"z"}},{"from":[15.10435,14.0,20.1],"to":[16.69565,22.0,22.1],"faces":{"east":{"uv":[13.0,11.0,14.0,15.0],"tintindex":0,"rotation":0,"texture":"#0"},"south":{"uv":[3.0,14.0,4.0,18.0],"tintindex":0,"rotation":0,"texture":"#0"},"north":{"uv":[10.0,13.0,11.0,17.0],"tintindex":0,"rotation":0,"texture":"#0"},"west":{"uv":[4.0,14.0,5.0,18.0],"tintindex":0,"rotation":0,"texture":"#0"},"up":{"uv":[21.0,16.0,20.0,15.0],"tintindex":0,"rotation":0,"texture":"#0"},"down":{"uv":[17.0,20.0,16.0,21.0],"tintindex":0,"rotation":0,"texture":"#0"}},"rotation":{"origin":[15.9,18.0,21.1],"angle":-45.0,"axis":"z"}},{"from":[11.9,17.20435,20.1],"to":[19.9,18.79565,22.1],"faces":{"east":{"uv":[20.0,19.0,21.0,20.0],"tintindex":0,"rotation":0,"texture":"#0"},"south":{"uv":[16.0,8.0,20.0,9.0],"tintindex":0,"rotation":0,"texture":"#0"},"north":{"uv":[16.0,7.0,20.0,8.0],"tintindex":0,"rotation":0,"texture":"#0"},"west":{"uv":[20.0,20.0,21.0,21.0],"tintindex":0,"rotation":0,"texture":"#0"},"up":{"uv":[20.0,10.0,16.0,9.0],"tintindex":0,"rotation":0,"texture":"#0"},"down":{"uv":[20.0,10.0,16.0,11.0],"tintindex":0,"rotation":0,"texture":"#0"}},"rotation":{"origin":[15.9,18.0,21.1],"angle":-22.5,"axis":"z"}},{"from":[15.10435,14.0,20.1],"to":[16.69565,22.0,22.1],"faces":{"east":{"uv":[6.0,18.0,7.0,22.0],"tintindex":0,"rotation":0,"texture":"#0"},"south":{"uv":[12.0,18.0,13.0,22.0],"tintindex":0,"rotation":0,"texture":"#0"},"north":{"uv":[5.0,18.0,6.0,22.0],"tintindex":0,"rotation":0,"texture":"#0"},"west":{"uv":[18.0,15.0,19.0,19.0],"tintindex":0,"rotation":0,"texture":"#0"},"up":{"uv":[9.0,22.0,8.0,21.0],"tintindex":0,"rotation":0,"texture":"#0"},"down":{"uv":[22.0,8.0,21.0,9.0],"tintindex":0,"rotation":0,"texture":"#0"}},"rotation":{"origin":[15.9,18.0,21.1],"angle":-45.0,"axis":"z"}}],"display":{"head":{"rotation":[0.0,0.0,0.0]},"firstperson_righthand":{"rotation":[0.0,0.0,0.0]},"thirdperson_lefthand":{"rotation":[0.0,-0.0,-0.0]},"firstperson_lefthand":{"rotation":[0.0,-0.0,-0.0]},"fixed":{"rotation":[0.0,0.0,0.0]},"ground":{"rotation":[0.0,0.0,0.0]},"thirdperson_righthand":{"rotation":[0.0,0.0,0.0]},"gui":{"rotation":[-150.0,-45.0,180.0]}}}