{"textures":{"0":"modelengine:entity/pasted","particle":"#0"},"elements":[{"from":[9.05,8.690041,14.25],"to":[14.85,18.640041,15.3],"faces":{"east":{"uv":[0.0,11.0,0.25,13.375],"tintindex":0,"rotation":0,"texture":"#0"},"south":{"uv":[1.875,11.0,3.25,13.375],"tintindex":0,"rotation":0,"texture":"#0"},"north":{"uv":[0.25,11.0,1.625,13.375],"tintindex":0,"rotation":0,"texture":"#0"},"west":{"uv":[1.625,11.0,1.875,13.375],"tintindex":0,"rotation":0,"texture":"#0"},"up":{"uv":[1.625,11.0,0.25,10.75],"tintindex":0,"rotation":0,"texture":"#0"},"down":{"uv":[3.0,10.75,1.625,11.0],"tintindex":0,"rotation":0,"texture":"#0"}}},{"from":[11.95,21.875,8.075],"to":[14.85,22.4,15.85],"faces":{"east":{"uv":[8.0,3.875,9.875,4.0],"tintindex":0,"rotation":0,"texture":"#0"},"south":{"uv":[12.375,3.875,13.0,4.0],"tintindex":0,"rotation":0,"texture":"#0"},"north":{"uv":[9.875,3.875,10.5,4.0],"tintindex":0,"rotation":0,"texture":"#0"},"west":{"uv":[10.5,3.875,12.375,4.0],"tintindex":0,"rotation":0,"texture":"#0"},"up":{"uv":[10.5,3.875,9.875,2.0],"tintindex":0,"rotation":0,"texture":"#0"},"down":{"uv":[11.125,2.0,10.5,3.875],"tintindex":0,"rotation":0,"texture":"#0"}}},{"from":[11.95,8.09004,8.075],"to":[14.85,8.66504,15.85],"faces":{"east":{"uv":[8.0,1.875,9.875,2.0],"tintindex":0,"rotation":0,"texture":"#0"},"south":{"uv":[12.375,1.875,13.0,2.0],"tintindex":0,"rotation":0,"texture":"#0"},"north":{"uv":[9.875,1.875,10.5,2.0],"tintindex":0,"rotation":0,"texture":"#0"},"west":{"uv":[10.5,1.875,12.375,2.0],"tintindex":0,"rotation":0,"texture":"#0"},"up":{"uv":[10.5,1.875,9.875,0.0],"tintindex":0,"rotation":0,"texture":"#0"},"down":{"uv":[11.125,0.0,10.5,1.875],"tintindex":0,"rotation":0,"texture":"#0"}}},{"from":[9.05,8.575,8.075],"to":[11.95,21.9,8.2],"faces":{"south":{"uv":[5.125,11.5,5.75,14.75],"tintindex":0,"rotation":0,"texture":"#0"},"north":{"uv":[4.5,11.5,5.125,14.75],"tintindex":0,"rotation":0,"texture":"#0"}}},{"from":[9.9,18.375,11.1],"to":[10.65,22.3,18.05],"faces":{"east":{"uv":[8.5,10.625,10.125,11.5],"tintindex":0,"rotation":0,"texture":"#0"},"south":{"uv":[11.875,10.625,12.0,11.5],"tintindex":0,"rotation":0,"texture":"#0"},"north":{"uv":[10.125,10.625,10.25,11.5],"tintindex":0,"rotation":0,"texture":"#0"},"west":{"uv":[10.25,10.625,11.875,11.5],"tintindex":0,"rotation":0,"texture":"#0"},"up":{"uv":[10.25,10.625,10.125,9.0],"tintindex":0,"rotation":0,"texture":"#0"},"down":{"uv":[10.375,9.0,10.25,10.625],"tintindex":0,"rotation":0,"texture":"#0"}},"rotation":{"origin":[13.2,18.75,14.75],"angle":-45.0,"axis":"y"}},{"from":[9.05,8.09004,8.075],"to":[11.95,8.66504,15.85],"faces":{"east":{"uv":[6.0,8.875,7.875,9.0],"tintindex":0,"rotation":0,"texture":"#0"},"south":{"uv":[10.375,8.875,11.0,9.0],"tintindex":0,"rotation":0,"texture":"#0"},"north":{"uv":[7.875,8.875,8.5,9.0],"tintindex":0,"rotation":0,"texture":"#0"},"west":{"uv":[8.5,8.875,10.375,9.0],"tintindex":0,"rotation":0,"texture":"#0"},"up":{"uv":[8.5,8.875,7.875,7.0],"tintindex":0,"rotation":0,"texture":"#0"},"down":{"uv":[9.125,7.0,8.5,8.875],"tintindex":0,"rotation":0,"texture":"#0"}}},{"from":[8.55,19.475,8.45],"to":[15.4,19.925,15.3],"faces":{"up":{"uv":[3.25,7.0,1.625,5.375],"tintindex":0,"rotation":0,"texture":"#0"},"down":{"uv":[4.875,5.375,3.25,7.0],"tintindex":0,"rotation":0,"texture":"#0"}},"rotation":{"origin":[11.975,19.35,12.05],"angle":22.5,"axis":"x"}},{"from":[14.85,8.09004,8.075],"to":[15.45,22.4,15.85],"faces":{"east":{"uv":[0.0,1.875,1.875,5.375],"tintindex":0,"rotation":0,"texture":"#0"},"south":{"uv":[3.875,1.875,4.0,5.375],"tintindex":0,"rotation":0,"texture":"#0"},"north":{"uv":[1.875,1.875,2.0,5.375],"tintindex":0,"rotation":0,"texture":"#0"},"west":{"uv":[2.0,1.875,3.875,5.375],"tintindex":0,"rotation":0,"texture":"#0"},"up":{"uv":[2.0,1.875,1.875,0.0],"tintindex":0,"rotation":0,"texture":"#0"},"down":{"uv":[2.125,0.0,2.0,1.875],"tintindex":0,"rotation":0,"texture":"#0"}}},{"from":[8.45,8.09004,8.075],"to":[9.05,22.4,15.85],"faces":{"east":{"uv":[4.0,1.875,5.875,5.375],"tintindex":0,"rotation":0,"texture":"#0"},"south":{"uv":[7.875,1.875,8.0,5.375],"tintindex":0,"rotation":0,"texture":"#0"},"north":{"uv":[5.875,1.875,6.0,5.375],"tintindex":0,"rotation":0,"texture":"#0"},"west":{"uv":[6.0,1.875,7.875,5.375],"tintindex":0,"rotation":0,"texture":"#0"},"up":{"uv":[6.0,1.875,5.875,0.0],"tintindex":0,"rotation":0,"texture":"#0"},"down":{"uv":[6.125,0.0,6.0,1.875],"tintindex":0,"rotation":0,"texture":"#0"}}},{"from":[9.05,21.875,8.075],"to":[11.95,22.4,15.85],"faces":{"east":{"uv":[0.0,10.625,1.875,10.75],"tintindex":0,"rotation":0,"texture":"#0"},"south":{"uv":[4.375,10.625,5.0,10.75],"tintindex":0,"rotation":0,"texture":"#0"},"north":{"uv":[1.875,10.625,2.5,10.75],"tintindex":0,"rotation":0,"texture":"#0"},"west":{"uv":[2.5,10.625,4.375,10.75],"tintindex":0,"rotation":0,"texture":"#0"},"up":{"uv":[2.5,10.625,1.875,8.75],"tintindex":0,"rotation":0,"texture":"#0"},"down":{"uv":[3.125,8.75,2.5,10.625],"tintindex":0,"rotation":0,"texture":"#0"}}},{"from":[11.95,8.575,8.075],"to":[14.85,21.9,8.2],"faces":{"south":{"uv":[3.875,10.75,4.5,14.0],"tintindex":0,"rotation":0,"texture":"#0"},"north":{"uv":[3.25,10.75,3.875,14.0],"tintindex":0,"rotation":0,"texture":"#0"}}},{"from":[8.55,19.33707,8.91207],"to":[15.4,19.787071,15.86207],"faces":{"up":{"uv":[9.75,7.0,8.125,5.375],"tintindex":0,"rotation":0,"texture":"#0"},"down":{"uv":[11.375,5.375,9.75,7.0],"tintindex":0,"rotation":0,"texture":"#0"}},"rotation":{"origin":[11.975,19.7,13.05],"angle":-45.0,"axis":"x"}},{"from":[13.25,18.375,11.1],"to":[14.0,22.3,18.05],"faces":{"east":{"uv":[5.0,10.625,6.625,11.5],"tintindex":0,"rotation":0,"texture":"#0"},"south":{"uv":[8.375,10.625,8.5,11.5],"tintindex":0,"rotation":0,"texture":"#0"},"north":{"uv":[6.625,10.625,6.75,11.5],"tintindex":0,"rotation":0,"texture":"#0"},"west":{"uv":[6.75,10.625,8.375,11.5],"tintindex":0,"rotation":0,"texture":"#0"},"up":{"uv":[6.75,10.625,6.625,9.0],"tintindex":0,"rotation":0,"texture":"#0"},"down":{"uv":[6.875,9.0,6.75,10.625],"tintindex":0,"rotation":0,"texture":"#0"}},"rotation":{"origin":[10.7,18.75,14.75],"angle":45.0,"axis":"y"}},{"from":[9.05,21.437069,8.46207],"to":[14.85,21.937069,15.41207],"faces":{"east":{"uv":[0.0,8.625,1.625,8.75],"tintindex":0,"rotation":0,"texture":"#0"},"south":{"uv":[4.625,8.625,6.0,8.75],"tintindex":0,"rotation":0,"texture":"#0"},"north":{"uv":[1.625,8.625,3.0,8.75],"tintindex":0,"rotation":0,"texture":"#0"},"west":{"uv":[3.0,8.625,4.625,8.75],"tintindex":0,"rotation":0,"texture":"#0"},"up":{"uv":[3.0,8.625,1.625,7.0],"tintindex":0,"rotation":0,"texture":"#0"},"down":{"uv":[4.375,7.0,3.0,8.625],"tintindex":0,"rotation":0,"texture":"#0"}}}],"display":{"head":{"rotation":[0.0,0.0,0.0]},"firstperson_righthand":{"rotation":[0.0,0.0,0.0]},"thirdperson_lefthand":{"rotation":[0.0,-0.0,-0.0]},"firstperson_lefthand":{"rotation":[0.0,-0.0,-0.0]},"fixed":{"rotation":[0.0,0.0,0.0]},"ground":{"rotation":[0.0,0.0,0.0]},"thirdperson_righthand":{"rotation":[0.0,0.0,0.0]},"gui":{"rotation":[-150.0,-45.0,180.0]}}}