{"textures":{"0":"modelengine:entity/pasted","particle":"#0"},"elements":[{"from":[11.9,17.20435,20.1],"to":[19.9,18.79565,22.1],"faces":{"east":{"uv":[12.75,9.5,13.0,9.75],"tintindex":0,"rotation":0,"texture":"#0"},"south":{"uv":[5.0,8.75,6.0,9.0],"tintindex":0,"rotation":0,"texture":"#0"},"north":{"uv":[8.0,5.0,9.0,5.25],"tintindex":0,"rotation":0,"texture":"#0"},"west":{"uv":[12.75,9.75,13.0,10.0],"tintindex":0,"rotation":0,"texture":"#0"},"up":{"uv":[10.0,5.25,9.0,5.0],"tintindex":0,"rotation":0,"texture":"#0"},"down":{"uv":[11.0,5.0,10.0,5.25],"tintindex":0,"rotation":0,"texture":"#0"}},"rotation":{"origin":[15.9,18.0,21.1],"angle":-22.5,"axis":"z"}},{"from":[15.10435,14.0,20.1],"to":[16.69565,22.0,22.1],"faces":{"east":{"uv":[8.25,4.0,8.5,5.0],"tintindex":0,"rotation":0,"texture":"#0"},"south":{"uv":[8.5,4.0,8.75,5.0],"tintindex":0,"rotation":0,"texture":"#0"},"north":{"uv":[8.0,4.0,8.25,5.0],"tintindex":0,"rotation":0,"texture":"#0"},"west":{"uv":[8.75,4.0,9.0,5.0],"tintindex":0,"rotation":0,"texture":"#0"},"up":{"uv":[4.75,11.0,4.5,10.75],"tintindex":0,"rotation":0,"texture":"#0"},"down":{"uv":[5.0,10.75,4.75,11.0],"tintindex":0,"rotation":0,"texture":"#0"}},"rotation":{"origin":[15.9,18.0,21.1],"angle":45.0,"axis":"z"}},{"from":[11.9,17.20435,20.1],"to":[19.9,18.79565,22.1],"faces":{"east":{"uv":[12.75,12.25,13.0,12.5],"tintindex":0,"rotation":0,"texture":"#0"},"south":{"uv":[11.5,8.5,12.5,8.75],"tintindex":0,"rotation":0,"texture":"#0"},"north":{"uv":[11.5,8.25,12.5,8.5],"tintindex":0,"rotation":0,"texture":"#0"},"west":{"uv":[12.5,12.75,12.75,13.0],"tintindex":0,"rotation":0,"texture":"#0"},"up":{"uv":[12.5,9.0,11.5,8.75],"tintindex":0,"rotation":0,"texture":"#0"},"down":{"uv":[12.75,4.0,11.75,4.25],"tintindex":0,"rotation":0,"texture":"#0"}},"rotation":{"origin":[15.9,18.0,21.1],"angle":-22.5,"axis":"z"}},{"from":[15.10435,14.0,20.1],"to":[16.69565,22.0,22.1],"faces":{"east":{"uv":[10.25,4.0,10.5,5.0],"tintindex":0,"rotation":0,"texture":"#0"},"south":{"uv":[10.5,4.0,10.75,5.0],"tintindex":0,"rotation":0,"texture":"#0"},"north":{"uv":[10.0,4.0,10.25,5.0],"tintindex":0,"rotation":0,"texture":"#0"},"west":{"uv":[10.75,4.0,11.0,5.0],"tintindex":0,"rotation":0,"texture":"#0"},"up":{"uv":[4.75,11.5,4.5,11.25],"tintindex":0,"rotation":0,"texture":"#0"},"down":{"uv":[5.0,11.25,4.75,11.5],"tintindex":0,"rotation":0,"texture":"#0"}}},{"from":[15.10435,14.0,20.1],"to":[16.69565,22.0,22.1],"faces":{"east":{"uv":[10.0,11.5,10.25,12.5],"tintindex":0,"rotation":0,"texture":"#0"},"south":{"uv":[10.25,11.5,10.5,12.5],"tintindex":0,"rotation":0,"texture":"#0"},"north":{"uv":[9.75,11.5,10.0,12.5],"tintindex":0,"rotation":0,"texture":"#0"},"west":{"uv":[10.5,11.5,10.75,12.5],"tintindex":0,"rotation":0,"texture":"#0"},"up":{"uv":[13.0,11.75,12.75,11.5],"tintindex":0,"rotation":0,"texture":"#0"},"down":{"uv":[12.0,12.75,11.75,13.0],"tintindex":0,"rotation":0,"texture":"#0"}},"rotation":{"origin":[15.9,18.0,21.1],"angle":-22.5,"axis":"z"}},{"from":[11.9,17.20435,20.1],"to":[19.9,18.79565,22.1],"faces":{"east":{"uv":[12.75,10.0,13.0,10.25],"tintindex":0,"rotation":0,"texture":"#0"},"south":{"uv":[6.0,11.5,7.0,11.75],"tintindex":0,"rotation":0,"texture":"#0"},"north":{"uv":[11.0,5.0,12.0,5.25],"tintindex":0,"rotation":0,"texture":"#0"},"west":{"uv":[12.75,10.25,13.0,10.5],"tintindex":0,"rotation":0,"texture":"#0"},"up":{"uv":[8.0,11.75,7.0,11.5],"tintindex":0,"rotation":0,"texture":"#0"},"down":{"uv":[12.5,7.0,11.5,7.25],"tintindex":0,"rotation":0,"texture":"#0"}},"rotation":{"origin":[15.9,18.0,21.1],"angle":22.5,"axis":"z"}},{"from":[15.10435,14.0,20.1],"to":[16.69565,22.0,22.1],"faces":{"east":{"uv":[9.25,4.0,9.5,5.0],"tintindex":0,"rotation":0,"texture":"#0"},"south":{"uv":[9.5,4.0,9.75,5.0],"tintindex":0,"rotation":0,"texture":"#0"},"north":{"uv":[9.0,4.0,9.25,5.0],"tintindex":0,"rotation":0,"texture":"#0"},"west":{"uv":[9.75,4.0,10.0,5.0],"tintindex":0,"rotation":0,"texture":"#0"},"up":{"uv":[4.75,11.25,4.5,11.0],"tintindex":0,"rotation":0,"texture":"#0"},"down":{"uv":[5.0,11.0,4.75,11.25],"tintindex":0,"rotation":0,"texture":"#0"}},"rotation":{"origin":[15.9,18.0,21.1],"angle":-45.0,"axis":"z"}},{"from":[15.10435,14.0,20.1],"to":[16.69565,22.0,22.1],"faces":{"east":{"uv":[8.0,11.5,8.25,12.5],"tintindex":0,"rotation":0,"texture":"#0"},"south":{"uv":[8.25,11.5,8.5,12.5],"tintindex":0,"rotation":0,"texture":"#0"},"north":{"uv":[11.5,7.25,11.75,8.25],"tintindex":0,"rotation":0,"texture":"#0"},"west":{"uv":[8.5,11.5,8.75,12.5],"tintindex":0,"rotation":0,"texture":"#0"},"up":{"uv":[13.0,10.75,12.75,10.5],"tintindex":0,"rotation":0,"texture":"#0"},"down":{"uv":[13.0,10.75,12.75,11.0],"tintindex":0,"rotation":0,"texture":"#0"}},"rotation":{"origin":[15.9,18.0,21.1],"angle":45.0,"axis":"z"}},{"from":[15.10435,14.0,20.1],"to":[16.69565,22.0,22.1],"faces":{"east":{"uv":[11.0,7.0,11.25,8.0],"tintindex":0,"rotation":0,"texture":"#0"},"south":{"uv":[11.0,8.0,11.25,9.0],"tintindex":0,"rotation":0,"texture":"#0"},"north":{"uv":[11.0,4.0,11.25,5.0],"tintindex":0,"rotation":0,"texture":"#0"},"west":{"uv":[11.25,4.0,11.5,5.0],"tintindex":0,"rotation":0,"texture":"#0"},"up":{"uv":[12.0,12.75,11.75,12.5],"tintindex":0,"rotation":0,"texture":"#0"},"down":{"uv":[13.0,8.75,12.75,9.0],"tintindex":0,"rotation":0,"texture":"#0"}},"rotation":{"origin":[15.9,18.0,21.1],"angle":22.5,"axis":"z"}},{"from":[15.10435,14.0,20.1],"to":[16.69565,22.0,22.1],"faces":{"east":{"uv":[11.0,11.5,11.25,12.5],"tintindex":0,"rotation":0,"texture":"#0"},"south":{"uv":[11.25,11.5,11.5,12.5],"tintindex":0,"rotation":0,"texture":"#0"},"north":{"uv":[10.75,11.5,11.0,12.5],"tintindex":0,"rotation":0,"texture":"#0"},"west":{"uv":[11.5,11.5,11.75,12.5],"tintindex":0,"rotation":0,"texture":"#0"},"up":{"uv":[13.0,12.0,12.75,11.75],"tintindex":0,"rotation":0,"texture":"#0"},"down":{"uv":[13.0,12.0,12.75,12.25],"tintindex":0,"rotation":0,"texture":"#0"}},"rotation":{"origin":[15.9,18.0,21.1],"angle":-45.0,"axis":"z"}},{"from":[15.10435,14.0,20.1],"to":[16.69565,22.0,22.1],"faces":{"east":{"uv":[11.25,8.0,11.5,9.0],"tintindex":0,"rotation":0,"texture":"#0"},"south":{"uv":[11.5,4.0,11.75,5.0],"tintindex":0,"rotation":0,"texture":"#0"},"north":{"uv":[11.25,7.0,11.5,8.0],"tintindex":0,"rotation":0,"texture":"#0"},"west":{"uv":[5.75,11.5,6.0,12.5],"tintindex":0,"rotation":0,"texture":"#0"},"up":{"uv":[13.0,9.25,12.75,9.0],"tintindex":0,"rotation":0,"texture":"#0"},"down":{"uv":[13.0,9.25,12.75,9.5],"tintindex":0,"rotation":0,"texture":"#0"}},"rotation":{"origin":[15.9,18.0,21.1],"angle":45.0,"axis":"z"}},{"from":[11.9,17.20435,20.1],"to":[19.9,18.79565,22.1],"faces":{"east":{"uv":[12.75,12.75,13.0,13.0],"tintindex":0,"rotation":0,"texture":"#0"},"south":{"uv":[11.75,4.5,12.75,4.75],"tintindex":0,"rotation":0,"texture":"#0"},"north":{"uv":[11.75,4.25,12.75,4.5],"tintindex":0,"rotation":0,"texture":"#0"},"west":{"uv":[13.0,0.0,13.25,0.25],"tintindex":0,"rotation":0,"texture":"#0"},"up":{"uv":[12.75,5.0,11.75,4.75],"tintindex":0,"rotation":0,"texture":"#0"},"down":{"uv":[7.0,11.75,6.0,12.0],"tintindex":0,"rotation":0,"texture":"#0"}}},{"from":[15.10435,14.0,20.1],"to":[16.69565,22.0,22.1],"faces":{"east":{"uv":[9.0,11.5,9.25,12.5],"tintindex":0,"rotation":0,"texture":"#0"},"south":{"uv":[9.25,11.5,9.5,12.5],"tintindex":0,"rotation":0,"texture":"#0"},"north":{"uv":[8.75,11.5,9.0,12.5],"tintindex":0,"rotation":0,"texture":"#0"},"west":{"uv":[9.5,11.5,9.75,12.5],"tintindex":0,"rotation":0,"texture":"#0"},"up":{"uv":[13.0,11.25,12.75,11.0],"tintindex":0,"rotation":0,"texture":"#0"},"down":{"uv":[13.0,11.25,12.75,11.5],"tintindex":0,"rotation":0,"texture":"#0"}},"rotation":{"origin":[15.9,18.0,21.1],"angle":22.5,"axis":"z"}}],"display":{"head":{"rotation":[0.0,0.0,0.0]},"firstperson_righthand":{"rotation":[0.0,0.0,0.0]},"thirdperson_lefthand":{"rotation":[0.0,-0.0,-0.0]},"firstperson_lefthand":{"rotation":[0.0,-0.0,-0.0]},"fixed":{"rotation":[0.0,0.0,0.0]},"ground":{"rotation":[0.0,0.0,0.0]},"thirdperson_righthand":{"rotation":[0.0,0.0,0.0]},"gui":{"rotation":[-150.0,-45.0,180.0]}}}