{"textures":{"0":"modelengine:entity/pasted","particle":"#0"},"elements":[{"from":[15.10435,14.0,20.1],"to":[16.69565,22.0,22.1],"faces":{"east":{"uv":[11.25,12.5,11.5,13.5],"tintindex":0,"rotation":0,"texture":"#0"},"south":{"uv":[11.5,12.5,11.75,13.5],"tintindex":0,"rotation":0,"texture":"#0"},"north":{"uv":[11.0,12.5,11.25,13.5],"tintindex":0,"rotation":0,"texture":"#0"},"west":{"uv":[12.5,11.5,12.75,12.5],"tintindex":0,"rotation":0,"texture":"#0"},"up":{"uv":[13.25,6.25,13.0,6.0],"tintindex":0,"rotation":0,"texture":"#0"},"down":{"uv":[6.5,13.0,6.25,13.25],"tintindex":0,"rotation":0,"texture":"#0"}},"rotation":{"origin":[15.9,18.0,21.1],"angle":-45.0,"axis":"z"}},{"from":[15.10435,14.0,20.1],"to":[16.69565,22.0,22.1],"faces":{"east":{"uv":[12.0,11.0,12.25,12.0],"tintindex":0,"rotation":0,"texture":"#0"},"south":{"uv":[12.0,12.0,12.25,13.0],"tintindex":0,"rotation":0,"texture":"#0"},"north":{"uv":[12.0,10.0,12.25,11.0],"tintindex":0,"rotation":0,"texture":"#0"},"west":{"uv":[12.25,7.25,12.5,8.25],"tintindex":0,"rotation":0,"texture":"#0"},"up":{"uv":[13.25,2.0,13.0,1.75],"tintindex":0,"rotation":0,"texture":"#0"},"down":{"uv":[13.25,2.0,13.0,2.25],"tintindex":0,"rotation":0,"texture":"#0"}},"rotation":{"origin":[15.9,18.0,21.1],"angle":22.5,"axis":"z"}},{"from":[15.10435,14.0,20.1],"to":[16.69565,22.0,22.1],"faces":{"east":{"uv":[12.5,9.5,12.75,10.5],"tintindex":0,"rotation":0,"texture":"#0"},"south":{"uv":[9.75,12.5,10.0,13.5],"tintindex":0,"rotation":0,"texture":"#0"},"north":{"uv":[9.5,12.5,9.75,13.5],"tintindex":0,"rotation":0,"texture":"#0"},"west":{"uv":[10.0,12.5,10.25,13.5],"tintindex":0,"rotation":0,"texture":"#0"},"up":{"uv":[13.25,5.5,13.0,5.25],"tintindex":0,"rotation":0,"texture":"#0"},"down":{"uv":[13.25,5.5,13.0,5.75],"tintindex":0,"rotation":0,"texture":"#0"}},"rotation":{"origin":[15.9,18.0,21.1],"angle":22.5,"axis":"z"}},{"from":[15.10435,14.0,20.1],"to":[16.69565,22.0,22.1],"faces":{"east":{"uv":[10.5,12.5,10.75,13.5],"tintindex":0,"rotation":0,"texture":"#0"},"south":{"uv":[12.5,10.5,12.75,11.5],"tintindex":0,"rotation":0,"texture":"#0"},"north":{"uv":[10.25,12.5,10.5,13.5],"tintindex":0,"rotation":0,"texture":"#0"},"west":{"uv":[10.75,12.5,11.0,13.5],"tintindex":0,"rotation":0,"texture":"#0"},"up":{"uv":[13.25,6.0,13.0,5.75],"tintindex":0,"rotation":0,"texture":"#0"},"down":{"uv":[6.25,13.0,6.0,13.25],"tintindex":0,"rotation":0,"texture":"#0"}},"rotation":{"origin":[15.9,18.0,21.1],"angle":-22.5,"axis":"z"}},{"from":[15.10435,14.0,20.1],"to":[16.69565,22.0,22.1],"faces":{"east":{"uv":[12.25,10.0,12.5,11.0],"tintindex":0,"rotation":0,"texture":"#0"},"south":{"uv":[12.25,11.0,12.5,12.0],"tintindex":0,"rotation":0,"texture":"#0"},"north":{"uv":[12.25,9.0,12.5,10.0],"tintindex":0,"rotation":0,"texture":"#0"},"west":{"uv":[12.25,12.0,12.5,13.0],"tintindex":0,"rotation":0,"texture":"#0"},"up":{"uv":[13.25,2.5,13.0,2.25],"tintindex":0,"rotation":0,"texture":"#0"},"down":{"uv":[13.25,2.5,13.0,2.75],"tintindex":0,"rotation":0,"texture":"#0"}},"rotation":{"origin":[15.9,18.0,21.1],"angle":45.0,"axis":"z"}},{"from":[15.10435,14.0,20.1],"to":[16.69565,22.0,22.1],"faces":{"east":{"uv":[11.75,11.5,12.0,12.5],"tintindex":0,"rotation":0,"texture":"#0"},"south":{"uv":[6.0,12.0,6.25,13.0],"tintindex":0,"rotation":0,"texture":"#0"},"north":{"uv":[7.75,11.75,8.0,12.75],"tintindex":0,"rotation":0,"texture":"#0"},"west":{"uv":[6.25,12.0,6.5,13.0],"tintindex":0,"rotation":0,"texture":"#0"},"up":{"uv":[13.25,1.0,13.0,0.75],"tintindex":0,"rotation":0,"texture":"#0"},"down":{"uv":[13.25,1.0,13.0,1.25],"tintindex":0,"rotation":0,"texture":"#0"}},"rotation":{"origin":[15.9,18.0,21.1],"angle":-45.0,"axis":"z"}},{"from":[11.9,17.20435,20.1],"to":[19.9,18.79565,22.1],"faces":{"east":{"uv":[13.0,6.5,13.25,6.75],"tintindex":0,"rotation":0,"texture":"#0"},"south":{"uv":[7.0,12.75,8.0,13.0],"tintindex":0,"rotation":0,"texture":"#0"},"north":{"uv":[12.75,4.75,13.75,5.0],"tintindex":0,"rotation":0,"texture":"#0"},"west":{"uv":[6.75,13.0,7.0,13.25],"tintindex":0,"rotation":0,"texture":"#0"},"up":{"uv":[9.0,13.0,8.0,12.75],"tintindex":0,"rotation":0,"texture":"#0"},"down":{"uv":[13.75,8.5,12.75,8.75],"tintindex":0,"rotation":0,"texture":"#0"}}},{"from":[15.10435,14.0,20.1],"to":[16.69565,22.0,22.1],"faces":{"east":{"uv":[7.25,11.75,7.5,12.75],"tintindex":0,"rotation":0,"texture":"#0"},"south":{"uv":[11.75,7.25,12.0,8.25],"tintindex":0,"rotation":0,"texture":"#0"},"north":{"uv":[7.0,11.75,7.25,12.75],"tintindex":0,"rotation":0,"texture":"#0"},"west":{"uv":[7.5,11.75,7.75,12.75],"tintindex":0,"rotation":0,"texture":"#0"},"up":{"uv":[13.25,0.5,13.0,0.25],"tintindex":0,"rotation":0,"texture":"#0"},"down":{"uv":[13.25,0.5,13.0,0.75],"tintindex":0,"rotation":0,"texture":"#0"}},"rotation":{"origin":[15.9,18.0,21.1],"angle":45.0,"axis":"z"}},{"from":[15.10435,14.0,20.1],"to":[16.69565,22.0,22.1],"faces":{"east":{"uv":[6.75,12.0,7.0,13.0],"tintindex":0,"rotation":0,"texture":"#0"},"south":{"uv":[12.0,7.25,12.25,8.25],"tintindex":0,"rotation":0,"texture":"#0"},"north":{"uv":[6.5,12.0,6.75,13.0],"tintindex":0,"rotation":0,"texture":"#0"},"west":{"uv":[12.0,9.0,12.25,10.0],"tintindex":0,"rotation":0,"texture":"#0"},"up":{"uv":[13.25,1.5,13.0,1.25],"tintindex":0,"rotation":0,"texture":"#0"},"down":{"uv":[13.25,1.5,13.0,1.75],"tintindex":0,"rotation":0,"texture":"#0"}}},{"from":[11.9,17.20435,20.1],"to":[19.9,18.79565,22.1],"faces":{"east":{"uv":[13.0,2.75,13.25,3.0],"tintindex":0,"rotation":0,"texture":"#0"},"south":{"uv":[12.5,7.0,13.5,7.25],"tintindex":0,"rotation":0,"texture":"#0"},"north":{"uv":[12.0,5.0,13.0,5.25],"tintindex":0,"rotation":0,"texture":"#0"},"west":{"uv":[13.0,3.0,13.25,3.25],"tintindex":0,"rotation":0,"texture":"#0"},"up":{"uv":[13.5,7.5,12.5,7.25],"tintindex":0,"rotation":0,"texture":"#0"},"down":{"uv":[13.5,7.5,12.5,7.75],"tintindex":0,"rotation":0,"texture":"#0"}},"rotation":{"origin":[15.9,18.0,21.1],"angle":-22.5,"axis":"z"}},{"from":[11.9,17.20435,20.1],"to":[19.9,18.79565,22.1],"faces":{"east":{"uv":[13.0,3.25,13.25,3.5],"tintindex":0,"rotation":0,"texture":"#0"},"south":{"uv":[8.0,12.5,9.0,12.75],"tintindex":0,"rotation":0,"texture":"#0"},"north":{"uv":[12.5,7.75,13.5,8.0],"tintindex":0,"rotation":0,"texture":"#0"},"west":{"uv":[13.0,3.5,13.25,3.75],"tintindex":0,"rotation":0,"texture":"#0"},"up":{"uv":[13.5,8.25,12.5,8.0],"tintindex":0,"rotation":0,"texture":"#0"},"down":{"uv":[13.5,8.25,12.5,8.5],"tintindex":0,"rotation":0,"texture":"#0"}},"rotation":{"origin":[15.9,18.0,21.1],"angle":22.5,"axis":"z"}},{"from":[15.10435,14.0,20.1],"to":[16.69565,22.0,22.1],"faces":{"east":{"uv":[12.5,8.5,12.75,9.5],"tintindex":0,"rotation":0,"texture":"#0"},"south":{"uv":[9.0,12.5,9.25,13.5],"tintindex":0,"rotation":0,"texture":"#0"},"north":{"uv":[5.75,12.5,6.0,13.5],"tintindex":0,"rotation":0,"texture":"#0"},"west":{"uv":[9.25,12.5,9.5,13.5],"tintindex":0,"rotation":0,"texture":"#0"},"up":{"uv":[13.25,4.0,13.0,3.75],"tintindex":0,"rotation":0,"texture":"#0"},"down":{"uv":[13.25,5.0,13.0,5.25],"tintindex":0,"rotation":0,"texture":"#0"}},"rotation":{"origin":[15.9,18.0,21.1],"angle":45.0,"axis":"z"}},{"from":[11.9,17.20435,20.1],"to":[19.9,18.79565,22.1],"faces":{"east":{"uv":[13.0,6.25,13.25,6.5],"tintindex":0,"rotation":0,"texture":"#0"},"south":{"uv":[12.75,4.0,13.75,4.25],"tintindex":0,"rotation":0,"texture":"#0"},"north":{"uv":[12.5,12.5,13.5,12.75],"tintindex":0,"rotation":0,"texture":"#0"},"west":{"uv":[6.5,13.0,6.75,13.25],"tintindex":0,"rotation":0,"texture":"#0"},"up":{"uv":[13.75,4.5,12.75,4.25],"tintindex":0,"rotation":0,"texture":"#0"},"down":{"uv":[13.75,4.5,12.75,4.75],"tintindex":0,"rotation":0,"texture":"#0"}},"rotation":{"origin":[15.9,18.0,21.1],"angle":22.5,"axis":"z"}}],"display":{"head":{"rotation":[0.0,0.0,0.0]},"firstperson_righthand":{"rotation":[0.0,0.0,0.0]},"thirdperson_lefthand":{"rotation":[0.0,-0.0,-0.0]},"firstperson_lefthand":{"rotation":[0.0,-0.0,-0.0]},"fixed":{"rotation":[0.0,0.0,0.0]},"ground":{"rotation":[0.0,0.0,0.0]},"thirdperson_righthand":{"rotation":[0.0,0.0,0.0]},"gui":{"rotation":[-150.0,-45.0,180.0]}}}