{"textures":{"0":"modelengine:entity/whiteboard","particle":"#0"},"elements":[{"from":[12.0,8.0,-7.166667],"to":[12.166667,28.0,22.833334],"faces":{"east":{"uv":[0.0,0.62222224,15.800001,15.555556],"tintindex":0,"rotation":0,"texture":"#0"},"south":{"uv":[8.733334,8.088889,6.533334,9.511111],"tintindex":0,"rotation":0,"texture":"#0"},"north":{"uv":[8.400001,7.822222,6.8,9.244445],"tintindex":0,"rotation":0,"texture":"#0"},"west":{"uv":[0.0,0.62222224,15.866668,15.555556],"tintindex":0,"rotation":0,"texture":"#0"},"up":{"uv":[6.0000005,7.822222,9.8,10.133333],"tintindex":0,"rotation":270,"texture":"#0"},"down":{"uv":[4.533334,7.111111,5.6000004,8.711111],"tintindex":0,"rotation":90,"texture":"#0"}}}],"display":{"head":{"rotation":[0.0,0.0,0.0]},"firstperson_righthand":{"rotation":[0.0,0.0,0.0]},"thirdperson_lefthand":{"rotation":[0.0,-0.0,-0.0]},"firstperson_lefthand":{"rotation":[0.0,-0.0,-0.0]},"fixed":{"rotation":[0.0,0.0,0.0]},"ground":{"rotation":[0.0,0.0,0.0]},"thirdperson_righthand":{"rotation":[0.0,0.0,0.0]},"gui":{"rotation":[-150.0,-45.0,180.0]}}}