{"textures":{"0":"modelengine:entity/c3d371e8-1eb4-35cd-a677-bb9700a7fb26","particle":"#0"},"elements":[{"from":[15.0,7.1,6.7999997],"to":[15.6,17.900002,8.1],"faces":{"east":{"uv":[2.0,8.0,2.5,13.0],"tintindex":0,"rotation":0,"texture":"#0"},"west":{"uv":[2.5,8.0,3.0,13.0],"tintindex":0,"rotation":0,"texture":"#0"}}},{"from":[1.0,17.0,6.7999997],"to":[15.0,17.900002,8.1],"faces":{"south":{"uv":[7.5,7.5,14.5,8.0],"tintindex":0,"rotation":0,"texture":"#0"},"up":{"uv":[7.0,6.0,0.0,5.5],"tintindex":0,"rotation":0,"texture":"#0"},"down":{"uv":[14.0,5.5,7.0,6.0],"tintindex":0,"rotation":0,"texture":"#0"}}},{"from":[1.0,8.0,7.6],"to":[15.0,17.0,8.1],"faces":{"south":{"uv":[7.0,0.5,14.0,5.0],"tintindex":0,"rotation":0,"texture":"#0"},"north":{"uv":[0.0,0.5,7.0,5.0],"tintindex":0,"rotation":0,"texture":"#0"}}},{"from":[1.0,8.0,7.0],"to":[15.0,17.0,7.5],"faces":{"south":{"uv":[7.0,0.5,14.0,5.0],"tintindex":0,"rotation":0,"texture":"#0"},"north":{"uv":[0.0,0.5,7.0,5.0],"tintindex":0,"rotation":0,"texture":"#0"}}},{"from":[0.4000001,7.1,6.7999997],"to":[1.0,17.900002,8.1],"faces":{"east":{"uv":[8.5,8.0,9.0,13.0],"tintindex":0,"rotation":0,"texture":"#0"},"west":{"uv":[9.0,8.0,9.5,13.0],"tintindex":0,"rotation":0,"texture":"#0"}}},{"from":[1.0,7.1,6.7999997],"to":[15.0,8.0,8.1],"faces":{"east":{"uv":[8.5,14.0,15.0,13.5],"tintindex":0,"rotation":0,"texture":"#0"},"up":{"uv":[7.0,7.0,0.0,6.5],"tintindex":0,"rotation":0,"texture":"#0"},"down":{"uv":[14.0,6.5,7.0,7.0],"tintindex":0,"rotation":0,"texture":"#0"}}}],"display":{"head":{"rotation":[0.0,0.0,0.0]},"firstperson_righthand":{"rotation":[0.0,0.0,0.0]},"thirdperson_lefthand":{"rotation":[0.0,-0.0,-0.0]},"firstperson_lefthand":{"rotation":[0.0,-0.0,-0.0]},"fixed":{"rotation":[0.0,0.0,0.0]},"ground":{"rotation":[0.0,0.0,0.0]},"thirdperson_righthand":{"rotation":[0.0,0.0,0.0]},"gui":{"rotation":[-150.0,-45.0,180.0]}}}