{"textures":{"0":"modelengine:entity/e704407d-2262-387f-9752-583fe56de430","particle":"#0"},"elements":[{"from":[5.9,8.8,6.9],"to":[10.1,9.4,9.1],"faces":{"east":{"uv":[8.0,6.0,10.0,7.0],"tintindex":0,"rotation":0,"texture":"#0"},"south":{"uv":[11.0,6.0,15.0,7.0],"tintindex":0,"rotation":0,"texture":"#0"},"north":{"uv":[0.0,14.0,4.0,15.0],"tintindex":0,"rotation":0,"texture":"#0"},"west":{"uv":[11.0,8.0,13.0,10.0],"tintindex":0,"rotation":0,"texture":"#0"},"up":{"uv":[4.0,7.0,0.0,5.0],"tintindex":0,"rotation":0,"texture":"#0"},"down":{"uv":[4.0,8.0,0.0,10.0],"tintindex":0,"rotation":0,"texture":"#0"}}},{"from":[6.0,8.0,7.0],"to":[10.0,8.8,9.0],"faces":{"east":{"uv":[10.0,1.0,12.0,1.95],"tintindex":0,"rotation":0,"texture":"#0"},"south":{"uv":[8.0,5.0,12.0,4.0],"tintindex":0,"rotation":0,"texture":"#0"},"north":{"uv":[1.0,2.0,7.0,1.0],"tintindex":0,"rotation":0,"texture":"#0"},"west":{"uv":[5.0,3.0,7.0,4.0],"tintindex":0,"rotation":0,"texture":"#0"},"up":{"uv":[4.0,13.0,0.0,11.0],"tintindex":0,"rotation":0,"texture":"#0"},"down":{"uv":[9.0,11.0,5.0,13.0],"tintindex":0,"rotation":0,"texture":"#0"}}}],"display":{"head":{"rotation":[0.0,0.0,0.0]},"firstperson_righthand":{"rotation":[0.0,0.0,0.0]},"thirdperson_lefthand":{"rotation":[0.0,-0.0,-0.0]},"firstperson_lefthand":{"rotation":[0.0,-0.0,-0.0]},"fixed":{"rotation":[0.0,0.0,0.0]},"ground":{"rotation":[0.0,0.0,0.0]},"thirdperson_righthand":{"rotation":[0.0,0.0,0.0]},"gui":{"rotation":[-150.0,-45.0,180.0]}}}