{"textures":{"0":"modelengine:entity/bigscreen","particle":"#0"},"elements":[{"from":[7.9882355,8.0,8.011765],"to":[8.364706,21.55294,8.388235],"faces":{"east":{"uv":[0.0,0.0,0.125,4.5],"tintindex":0,"rotation":0,"texture":"#0"},"south":{"uv":[0.0,0.0,0.125,4.5],"tintindex":0,"rotation":0,"texture":"#0"},"north":{"uv":[0.0,0.0,0.125,4.5],"tintindex":0,"rotation":0,"texture":"#0"},"west":{"uv":[0.0,0.0,0.125,4.5],"tintindex":0,"rotation":0,"texture":"#0"},"up":{"uv":[0.125,0.125,0.0,0.0],"tintindex":0,"rotation":0,"texture":"#0"},"down":{"uv":[0.125,0.0,0.0,0.125],"tintindex":0,"rotation":0,"texture":"#0"}}},{"from":[8.364706,21.176472,8.011765],"to":[31.517647,21.55294,8.388235],"faces":{"east":{"uv":[0.0,0.0,0.125,0.125],"tintindex":0,"rotation":0,"texture":"#0"},"south":{"uv":[0.0,0.0,7.6875,0.125],"tintindex":0,"rotation":0,"texture":"#0"},"north":{"uv":[0.0,0.0,7.6875,0.125],"tintindex":0,"rotation":0,"texture":"#0"},"west":{"uv":[0.0,0.0,0.125,0.125],"tintindex":0,"rotation":0,"texture":"#0"},"up":{"uv":[7.6875,0.125,0.0,0.0],"tintindex":0,"rotation":0,"texture":"#0"},"down":{"uv":[7.6875,0.0,0.0,0.125],"tintindex":0,"rotation":0,"texture":"#0"}}},{"from":[8.364706,8.0,8.011765],"to":[31.517647,8.376471,8.388235],"faces":{"east":{"uv":[0.0,0.0,0.125,0.125],"tintindex":0,"rotation":0,"texture":"#0"},"south":{"uv":[0.0,0.0,7.6875,0.125],"tintindex":0,"rotation":0,"texture":"#0"},"north":{"uv":[0.0,0.0,7.6875,0.125],"tintindex":0,"rotation":0,"texture":"#0"},"west":{"uv":[0.0,0.0,0.125,0.125],"tintindex":0,"rotation":0,"texture":"#0"},"up":{"uv":[7.6875,0.125,0.0,0.0],"tintindex":0,"rotation":0,"texture":"#0"},"down":{"uv":[7.6875,0.0,0.0,0.125],"tintindex":0,"rotation":0,"texture":"#0"}}},{"from":[7.9882355,8.0,7.9882355],"to":[31.894117,21.55294,8.011765],"faces":{"east":{"uv":[0.0,0.0,0.0078125,4.5],"tintindex":0,"rotation":0,"texture":"#0"},"south":{"uv":[0.0,4.5,7.9375,9.0],"tintindex":0,"rotation":0,"texture":"#0"},"north":{"uv":[0.0,0.0,7.9375,4.5],"tintindex":0,"rotation":0,"texture":"#0"},"west":{"uv":[0.0,0.0,0.0078125,4.5],"tintindex":0,"rotation":0,"texture":"#0"},"up":{"uv":[7.9375,0.0078125,0.0,0.0],"tintindex":0,"rotation":0,"texture":"#0"},"down":{"uv":[7.9375,0.0,0.0,0.0078125],"tintindex":0,"rotation":0,"texture":"#0"}}},{"from":[31.517647,8.0,8.011765],"to":[31.894117,21.55294,8.388235],"faces":{"east":{"uv":[0.0,0.0,0.125,4.5],"tintindex":0,"rotation":0,"texture":"#0"},"south":{"uv":[0.0,0.0,0.125,4.5],"tintindex":0,"rotation":0,"texture":"#0"},"north":{"uv":[0.0,0.0,0.125,4.5],"tintindex":0,"rotation":0,"texture":"#0"},"west":{"uv":[0.0,0.0,0.125,4.5],"tintindex":0,"rotation":0,"texture":"#0"},"up":{"uv":[0.125,0.125,0.0,0.0],"tintindex":0,"rotation":0,"texture":"#0"},"down":{"uv":[0.125,0.0,0.0,0.125],"tintindex":0,"rotation":0,"texture":"#0"}}}],"display":{"head":{"rotation":[0.0,0.0,0.0]},"firstperson_righthand":{"rotation":[0.0,0.0,0.0]},"thirdperson_lefthand":{"rotation":[0.0,-0.0,-0.0]},"firstperson_lefthand":{"rotation":[0.0,-0.0,-0.0]},"fixed":{"rotation":[0.0,0.0,0.0]},"ground":{"rotation":[0.0,0.0,0.0]},"thirdperson_righthand":{"rotation":[0.0,0.0,0.0]},"gui":{"rotation":[-150.0,-45.0,180.0]}}}