{"textures":{"0":"modelengine:entity/texture","particle":"#0"},"elements":[{"from":[15.98011,15.6,15.9],"to":[16.01989,15.7,16.1],"faces":{"east":{"uv":[1.0,1.5,1.5,2.0],"tintindex":0,"rotation":0,"texture":"#0"},"south":{"uv":[12.5,7.0,13.0,7.5],"tintindex":0,"rotation":0,"texture":"#0"},"north":{"uv":[1.5,6.5,2.0,7.0],"tintindex":0,"rotation":0,"texture":"#0"},"west":{"uv":[1.5,1.5,2.0,2.0],"tintindex":0,"rotation":0,"texture":"#0"},"up":{"uv":[0.5,2.5,0.0,2.0],"tintindex":0,"rotation":0,"texture":"#0"},"down":{"uv":[2.5,6.0,2.0,6.5],"tintindex":0,"rotation":0,"texture":"#0"}}},{"from":[15.9,15.6,15.98011],"to":[16.1,15.7,16.01989],"faces":{"east":{"uv":[3.0,0.0,3.5,0.5],"tintindex":0,"rotation":0,"texture":"#0"},"south":{"uv":[0.5,3.0,1.0,3.5],"tintindex":0,"rotation":0,"texture":"#0"},"north":{"uv":[11.0,15.0,11.5,15.5],"tintindex":0,"rotation":0,"texture":"#0"},"west":{"uv":[3.0,0.5,3.5,1.0],"tintindex":0,"rotation":0,"texture":"#0"},"up":{"uv":[1.5,3.5,1.0,3.0],"tintindex":0,"rotation":0,"texture":"#0"},"down":{"uv":[14.5,13.0,14.0,13.5],"tintindex":0,"rotation":0,"texture":"#0"}}},{"from":[15.98011,15.6,15.9],"to":[16.01989,15.7,16.1],"faces":{"east":{"uv":[2.0,0.5,2.5,1.0],"tintindex":0,"rotation":0,"texture":"#0"},"south":{"uv":[1.0,2.0,1.5,2.5],"tintindex":0,"rotation":0,"texture":"#0"},"north":{"uv":[11.5,14.0,12.0,14.5],"tintindex":0,"rotation":0,"texture":"#0"},"west":{"uv":[2.0,1.0,2.5,1.5],"tintindex":0,"rotation":0,"texture":"#0"},"up":{"uv":[2.0,2.5,1.5,2.0],"tintindex":0,"rotation":0,"texture":"#0"},"down":{"uv":[13.5,13.5,13.0,14.0],"tintindex":0,"rotation":0,"texture":"#0"}},"rotation":{"origin":[16.0,16.0,16.0],"angle":22.5,"axis":"y"}},{"from":[15.98011,15.6,15.9],"to":[16.01989,15.7,16.1],"faces":{"east":{"uv":[0.0,2.5,0.5,3.0],"tintindex":0,"rotation":0,"texture":"#0"},"south":{"uv":[2.5,0.0,3.0,0.5],"tintindex":0,"rotation":0,"texture":"#0"},"north":{"uv":[13.0,14.0,13.5,14.5],"tintindex":0,"rotation":0,"texture":"#0"},"west":{"uv":[0.5,2.5,1.0,3.0],"tintindex":0,"rotation":0,"texture":"#0"},"up":{"uv":[3.0,1.0,2.5,0.5],"tintindex":0,"rotation":0,"texture":"#0"},"down":{"uv":[12.5,14.5,12.0,15.0],"tintindex":0,"rotation":0,"texture":"#0"}},"rotation":{"origin":[16.0,16.0,16.0],"angle":45.0,"axis":"y"}},{"from":[15.9,15.6,15.98011],"to":[16.1,15.7,16.01989],"faces":{"east":{"uv":[1.5,2.5,2.0,3.0],"tintindex":0,"rotation":0,"texture":"#0"},"south":{"uv":[2.5,1.5,3.0,2.0],"tintindex":0,"rotation":0,"texture":"#0"},"north":{"uv":[13.5,13.0,14.0,13.5],"tintindex":0,"rotation":0,"texture":"#0"},"west":{"uv":[2.0,2.5,2.5,3.0],"tintindex":0,"rotation":0,"texture":"#0"},"up":{"uv":[3.0,2.5,2.5,2.0],"tintindex":0,"rotation":0,"texture":"#0"},"down":{"uv":[14.0,14.5,13.5,15.0],"tintindex":0,"rotation":0,"texture":"#0"}},"rotation":{"origin":[16.0,16.0,16.0],"angle":-22.5,"axis":"y"}},{"from":[15.9,15.6,15.98011],"to":[16.1,15.7,16.01989],"faces":{"east":{"uv":[3.0,1.5,3.5,2.0],"tintindex":0,"rotation":0,"texture":"#0"},"south":{"uv":[2.0,3.0,2.5,3.5],"tintindex":0,"rotation":0,"texture":"#0"},"north":{"uv":[12.5,15.0,13.0,15.5],"tintindex":0,"rotation":0,"texture":"#0"},"west":{"uv":[3.0,2.0,3.5,2.5],"tintindex":0,"rotation":0,"texture":"#0"},"up":{"uv":[3.0,3.5,2.5,3.0],"tintindex":0,"rotation":0,"texture":"#0"},"down":{"uv":[14.5,14.5,14.0,15.0],"tintindex":0,"rotation":0,"texture":"#0"}},"rotation":{"origin":[16.0,16.0,16.0],"angle":22.5,"axis":"y"}},{"from":[15.98011,15.6,15.9],"to":[16.01989,15.7,16.1],"faces":{"east":{"uv":[0.0,0.5,0.5,1.0],"tintindex":0,"rotation":0,"texture":"#0"},"south":{"uv":[0.5,0.0,1.0,0.5],"tintindex":0,"rotation":0,"texture":"#0"},"north":{"uv":[11.0,12.0,11.5,12.5],"tintindex":0,"rotation":0,"texture":"#0"},"west":{"uv":[0.5,0.5,1.0,1.0],"tintindex":0,"rotation":0,"texture":"#0"},"up":{"uv":[0.5,1.5,0.0,1.0],"tintindex":0,"rotation":0,"texture":"#0"},"down":{"uv":[12.5,12.0,12.0,12.5],"tintindex":0,"rotation":0,"texture":"#0"}},"rotation":{"origin":[16.0,16.0,16.0],"angle":-45.0,"axis":"y"}},{"from":[15.98011,15.6,15.9],"to":[16.01989,15.7,16.1],"faces":{"east":{"uv":[1.0,0.5,1.5,1.0],"tintindex":0,"rotation":0,"texture":"#0"},"south":{"uv":[1.0,1.0,1.5,1.5],"tintindex":0,"rotation":0,"texture":"#0"},"north":{"uv":[11.5,13.0,12.0,13.5],"tintindex":0,"rotation":0,"texture":"#0"},"west":{"uv":[0.0,1.5,0.5,2.0],"tintindex":0,"rotation":0,"texture":"#0"},"up":{"uv":[2.0,0.5,1.5,0.0],"tintindex":0,"rotation":0,"texture":"#0"},"down":{"uv":[12.0,13.5,11.5,14.0],"tintindex":0,"rotation":0,"texture":"#0"}},"rotation":{"origin":[16.0,16.0,16.0],"angle":-22.5,"axis":"y"}}],"display":{"head":{"rotation":[0.0,0.0,0.0]},"firstperson_righthand":{"rotation":[0.0,0.0,0.0]},"thirdperson_lefthand":{"rotation":[0.0,-0.0,-0.0]},"firstperson_lefthand":{"rotation":[0.0,-0.0,-0.0]},"fixed":{"rotation":[0.0,0.0,0.0]},"ground":{"rotation":[0.0,0.0,0.0]},"thirdperson_righthand":{"rotation":[0.0,0.0,0.0]},"gui":{"rotation":[-150.0,-45.0,180.0]}}}