{"textures":{"0":"modelengine:entity/texture","particle":"#0"},"elements":[{"from":[15.920441,13.5,15.6],"to":[16.07956,13.700001,16.4],"faces":{"east":{"uv":[12.0,3.0,12.5,3.5],"tintindex":0,"rotation":0,"texture":"#0"},"south":{"uv":[12.0,3.0,12.5,3.5],"tintindex":0,"rotation":0,"texture":"#0"},"north":{"uv":[11.0,2.0,12.5,2.5],"tintindex":0,"rotation":0,"texture":"#0"},"west":{"uv":[12.0,3.0,12.5,3.5],"tintindex":0,"rotation":0,"texture":"#0"},"up":{"uv":[12.0,3.0,12.5,3.5],"tintindex":0,"rotation":0,"texture":"#0"},"down":{"uv":[11.0,2.0,12.5,2.5],"tintindex":0,"rotation":0,"texture":"#0"}},"rotation":{"origin":[16.0,16.0,16.0],"angle":22.5,"axis":"y"}},{"from":[15.920441,13.5,15.6],"to":[16.07956,13.700001,16.4],"faces":{"east":{"uv":[12.0,3.0,12.5,3.5],"tintindex":0,"rotation":0,"texture":"#0"},"south":{"uv":[12.0,3.0,12.5,3.5],"tintindex":0,"rotation":0,"texture":"#0"},"north":{"uv":[11.0,2.0,12.5,2.5],"tintindex":0,"rotation":0,"texture":"#0"},"west":{"uv":[12.0,3.0,12.5,3.5],"tintindex":0,"rotation":0,"texture":"#0"},"up":{"uv":[12.0,3.0,12.5,3.5],"tintindex":0,"rotation":0,"texture":"#0"},"down":{"uv":[11.0,2.0,12.5,2.5],"tintindex":0,"rotation":0,"texture":"#0"}},"rotation":{"origin":[16.0,16.0,16.0],"angle":-45.0,"axis":"y"}},{"from":[15.6,13.5,15.920441],"to":[16.4,13.700001,16.07956],"faces":{"east":{"uv":[12.0,3.0,12.5,3.5],"tintindex":0,"rotation":0,"texture":"#0"},"south":{"uv":[12.0,3.0,12.5,3.5],"tintindex":0,"rotation":0,"texture":"#0"},"north":{"uv":[11.0,2.0,12.5,2.5],"tintindex":0,"rotation":0,"texture":"#0"},"west":{"uv":[12.0,3.0,12.5,3.5],"tintindex":0,"rotation":0,"texture":"#0"},"up":{"uv":[12.0,3.0,12.5,3.5],"tintindex":0,"rotation":0,"texture":"#0"},"down":{"uv":[11.0,2.0,12.5,2.5],"tintindex":0,"rotation":0,"texture":"#0"}}},{"from":[15.6,13.5,15.920441],"to":[16.4,13.700001,16.07956],"faces":{"east":{"uv":[12.0,3.0,12.5,3.5],"tintindex":0,"rotation":0,"texture":"#0"},"south":{"uv":[12.0,3.0,12.5,3.5],"tintindex":0,"rotation":0,"texture":"#0"},"north":{"uv":[11.0,2.0,12.5,2.5],"tintindex":0,"rotation":0,"texture":"#0"},"west":{"uv":[12.0,3.0,12.5,3.5],"tintindex":0,"rotation":0,"texture":"#0"},"up":{"uv":[12.0,3.0,12.5,3.5],"tintindex":0,"rotation":0,"texture":"#0"},"down":{"uv":[11.0,2.0,12.5,2.5],"tintindex":0,"rotation":0,"texture":"#0"}},"rotation":{"origin":[16.0,16.0,16.0],"angle":22.5,"axis":"y"}},{"from":[15.920441,13.5,15.6],"to":[16.07956,13.700001,16.4],"faces":{"east":{"uv":[12.0,3.0,12.5,3.5],"tintindex":0,"rotation":0,"texture":"#0"},"south":{"uv":[12.0,3.0,12.5,3.5],"tintindex":0,"rotation":0,"texture":"#0"},"north":{"uv":[11.0,2.0,12.5,2.5],"tintindex":0,"rotation":0,"texture":"#0"},"west":{"uv":[12.0,3.0,12.5,3.5],"tintindex":0,"rotation":0,"texture":"#0"},"up":{"uv":[12.0,3.0,12.5,3.5],"tintindex":0,"rotation":0,"texture":"#0"},"down":{"uv":[11.0,2.0,12.5,2.5],"tintindex":0,"rotation":0,"texture":"#0"}},"rotation":{"origin":[16.0,16.0,16.0],"angle":-22.5,"axis":"y"}},{"from":[15.920441,13.5,15.6],"to":[16.07956,13.700001,16.4],"faces":{"east":{"uv":[12.0,3.0,12.5,3.5],"tintindex":0,"rotation":0,"texture":"#0"},"south":{"uv":[12.0,3.0,12.5,3.5],"tintindex":0,"rotation":0,"texture":"#0"},"north":{"uv":[11.0,2.0,12.5,2.5],"tintindex":0,"rotation":0,"texture":"#0"},"west":{"uv":[12.0,3.0,12.5,3.5],"tintindex":0,"rotation":0,"texture":"#0"},"up":{"uv":[12.0,3.0,12.5,3.5],"tintindex":0,"rotation":0,"texture":"#0"},"down":{"uv":[11.0,2.0,12.5,2.5],"tintindex":0,"rotation":0,"texture":"#0"}},"rotation":{"origin":[16.0,16.0,16.0],"angle":45.0,"axis":"y"}},{"from":[15.920441,13.5,15.6],"to":[16.07956,13.700001,16.4],"faces":{"east":{"uv":[12.0,3.0,12.5,3.5],"tintindex":0,"rotation":0,"texture":"#0"},"south":{"uv":[12.0,3.0,12.5,3.5],"tintindex":0,"rotation":0,"texture":"#0"},"north":{"uv":[11.0,2.0,12.5,2.5],"tintindex":0,"rotation":0,"texture":"#0"},"west":{"uv":[12.0,3.0,12.5,3.5],"tintindex":0,"rotation":0,"texture":"#0"},"up":{"uv":[12.0,3.0,12.5,3.5],"tintindex":0,"rotation":0,"texture":"#0"},"down":{"uv":[11.0,2.0,12.5,2.5],"tintindex":0,"rotation":0,"texture":"#0"}}},{"from":[15.6,13.5,15.920441],"to":[16.4,13.700001,16.07956],"faces":{"east":{"uv":[12.0,3.0,12.5,3.5],"tintindex":0,"rotation":0,"texture":"#0"},"south":{"uv":[12.0,3.0,12.5,3.5],"tintindex":0,"rotation":0,"texture":"#0"},"north":{"uv":[11.0,2.0,12.5,2.5],"tintindex":0,"rotation":0,"texture":"#0"},"west":{"uv":[12.0,3.0,12.5,3.5],"tintindex":0,"rotation":0,"texture":"#0"},"up":{"uv":[12.0,3.0,12.5,3.5],"tintindex":0,"rotation":0,"texture":"#0"},"down":{"uv":[11.0,2.0,12.5,2.5],"tintindex":0,"rotation":0,"texture":"#0"}},"rotation":{"origin":[16.0,16.0,16.0],"angle":-22.5,"axis":"y"}}],"display":{"head":{"rotation":[0.0,0.0,0.0]},"firstperson_righthand":{"rotation":[0.0,0.0,0.0]},"thirdperson_lefthand":{"rotation":[0.0,-0.0,-0.0]},"firstperson_lefthand":{"rotation":[0.0,-0.0,-0.0]},"fixed":{"rotation":[0.0,0.0,0.0]},"ground":{"rotation":[0.0,0.0,0.0]},"thirdperson_righthand":{"rotation":[0.0,0.0,0.0]},"gui":{"rotation":[-150.0,-45.0,180.0]}}}