{"textures":{"0":"modelengine:entity/texture","particle":"#0"},"elements":[{"from":[15.95027,15.5,15.75],"to":[16.04973,15.8,16.25],"faces":{"east":{"uv":[0.0,0.0,0.5,0.5],"tintindex":0,"rotation":0,"texture":"#0"},"south":{"uv":[0.0,0.0,0.5,0.5],"tintindex":0,"rotation":0,"texture":"#0"},"north":{"uv":[14.0,11.0,14.5,11.5],"tintindex":0,"rotation":0,"texture":"#0"},"west":{"uv":[0.0,0.0,0.5,0.5],"tintindex":0,"rotation":0,"texture":"#0"},"up":{"uv":[0.0,0.0,0.5,0.5],"tintindex":0,"rotation":0,"texture":"#0"},"down":{"uv":[14.0,11.0,14.5,11.5],"tintindex":0,"rotation":0,"texture":"#0"}},"rotation":{"origin":[16.0,16.0,16.0],"angle":22.5,"axis":"y"}},{"from":[15.95027,15.5,15.75],"to":[16.04973,15.8,16.25],"faces":{"east":{"uv":[0.0,0.0,0.5,0.5],"tintindex":0,"rotation":0,"texture":"#0"},"south":{"uv":[0.0,0.0,0.5,0.5],"tintindex":0,"rotation":0,"texture":"#0"},"north":{"uv":[14.0,11.0,14.5,11.5],"tintindex":0,"rotation":0,"texture":"#0"},"west":{"uv":[0.0,0.0,0.5,0.5],"tintindex":0,"rotation":0,"texture":"#0"},"up":{"uv":[0.0,0.0,0.5,0.5],"tintindex":0,"rotation":0,"texture":"#0"},"down":{"uv":[14.0,11.0,14.5,11.5],"tintindex":0,"rotation":0,"texture":"#0"}},"rotation":{"origin":[16.0,16.0,16.0],"angle":45.0,"axis":"y"}},{"from":[15.95027,15.5,15.75],"to":[16.04973,15.8,16.25],"faces":{"east":{"uv":[0.0,0.0,0.5,0.5],"tintindex":0,"rotation":0,"texture":"#0"},"south":{"uv":[0.0,0.0,0.5,0.5],"tintindex":0,"rotation":0,"texture":"#0"},"north":{"uv":[14.0,11.0,14.5,11.5],"tintindex":0,"rotation":0,"texture":"#0"},"west":{"uv":[0.0,0.0,0.5,0.5],"tintindex":0,"rotation":0,"texture":"#0"},"up":{"uv":[0.0,0.0,0.5,0.5],"tintindex":0,"rotation":0,"texture":"#0"},"down":{"uv":[14.0,11.0,14.5,11.5],"tintindex":0,"rotation":0,"texture":"#0"}},"rotation":{"origin":[16.0,16.0,16.0],"angle":-45.0,"axis":"y"}},{"from":[15.95027,15.5,15.75],"to":[16.04973,15.8,16.25],"faces":{"east":{"uv":[0.0,0.0,0.5,0.5],"tintindex":0,"rotation":0,"texture":"#0"},"south":{"uv":[0.0,0.0,0.5,0.5],"tintindex":0,"rotation":0,"texture":"#0"},"north":{"uv":[14.0,11.0,14.5,11.5],"tintindex":0,"rotation":0,"texture":"#0"},"west":{"uv":[0.0,0.0,0.5,0.5],"tintindex":0,"rotation":0,"texture":"#0"},"up":{"uv":[0.0,0.0,0.5,0.5],"tintindex":0,"rotation":0,"texture":"#0"},"down":{"uv":[14.0,11.0,14.5,11.5],"tintindex":0,"rotation":0,"texture":"#0"}}},{"from":[15.75,15.5,15.95027],"to":[16.25,15.8,16.04973],"faces":{"east":{"uv":[0.0,0.0,0.5,0.5],"tintindex":0,"rotation":0,"texture":"#0"},"south":{"uv":[0.0,0.0,0.5,0.5],"tintindex":0,"rotation":0,"texture":"#0"},"north":{"uv":[14.0,11.0,14.5,11.5],"tintindex":0,"rotation":0,"texture":"#0"},"west":{"uv":[0.0,0.0,0.5,0.5],"tintindex":0,"rotation":0,"texture":"#0"},"up":{"uv":[0.0,0.0,0.5,0.5],"tintindex":0,"rotation":0,"texture":"#0"},"down":{"uv":[14.0,11.0,14.5,11.5],"tintindex":0,"rotation":0,"texture":"#0"}}},{"from":[15.95027,15.5,15.75],"to":[16.04973,15.8,16.25],"faces":{"east":{"uv":[0.0,0.0,0.5,0.5],"tintindex":0,"rotation":0,"texture":"#0"},"south":{"uv":[0.0,0.0,0.5,0.5],"tintindex":0,"rotation":0,"texture":"#0"},"north":{"uv":[14.0,11.0,14.5,11.5],"tintindex":0,"rotation":0,"texture":"#0"},"west":{"uv":[0.0,0.0,0.5,0.5],"tintindex":0,"rotation":0,"texture":"#0"},"up":{"uv":[0.0,0.0,0.5,0.5],"tintindex":0,"rotation":0,"texture":"#0"},"down":{"uv":[14.0,11.0,14.5,11.5],"tintindex":0,"rotation":0,"texture":"#0"}},"rotation":{"origin":[16.0,16.0,16.0],"angle":-22.5,"axis":"y"}},{"from":[15.75,15.5,15.95027],"to":[16.25,15.8,16.04973],"faces":{"east":{"uv":[0.0,0.0,0.5,0.5],"tintindex":0,"rotation":0,"texture":"#0"},"south":{"uv":[0.0,0.0,0.5,0.5],"tintindex":0,"rotation":0,"texture":"#0"},"north":{"uv":[14.0,11.0,14.5,11.5],"tintindex":0,"rotation":0,"texture":"#0"},"west":{"uv":[0.0,0.0,0.5,0.5],"tintindex":0,"rotation":0,"texture":"#0"},"up":{"uv":[0.0,0.0,0.5,0.5],"tintindex":0,"rotation":0,"texture":"#0"},"down":{"uv":[14.0,11.0,14.5,11.5],"tintindex":0,"rotation":0,"texture":"#0"}},"rotation":{"origin":[16.0,16.0,16.0],"angle":-22.5,"axis":"y"}},{"from":[15.75,15.5,15.95027],"to":[16.25,15.8,16.04973],"faces":{"east":{"uv":[0.0,0.0,0.5,0.5],"tintindex":0,"rotation":0,"texture":"#0"},"south":{"uv":[0.0,0.0,0.5,0.5],"tintindex":0,"rotation":0,"texture":"#0"},"north":{"uv":[14.0,11.0,14.5,11.5],"tintindex":0,"rotation":0,"texture":"#0"},"west":{"uv":[0.0,0.0,0.5,0.5],"tintindex":0,"rotation":0,"texture":"#0"},"up":{"uv":[0.0,0.0,0.5,0.5],"tintindex":0,"rotation":0,"texture":"#0"},"down":{"uv":[14.0,11.0,14.5,11.5],"tintindex":0,"rotation":0,"texture":"#0"}},"rotation":{"origin":[16.0,16.0,16.0],"angle":22.5,"axis":"y"}}],"display":{"head":{"rotation":[0.0,0.0,0.0]},"firstperson_righthand":{"rotation":[0.0,0.0,0.0]},"thirdperson_lefthand":{"rotation":[0.0,-0.0,-0.0]},"firstperson_lefthand":{"rotation":[0.0,-0.0,-0.0]},"fixed":{"rotation":[0.0,0.0,0.0]},"ground":{"rotation":[0.0,0.0,0.0]},"thirdperson_righthand":{"rotation":[0.0,0.0,0.0]},"gui":{"rotation":[-150.0,-45.0,180.0]}}}