{"textures":{"0":"modelengine:entity/texture","particle":"#0"},"elements":[{"from":[15.920441,13.7,15.6],"to":[16.07956,18.5,16.4],"faces":{"east":{"uv":[1.0,13.0,1.5,13.5],"tintindex":0,"rotation":0,"texture":"#0"},"south":{"uv":[1.0,13.0,1.5,13.5],"tintindex":0,"rotation":0,"texture":"#0"},"north":{"uv":[1.0,13.0,1.785715,13.5],"tintindex":0,"rotation":0,"texture":"#0"},"west":{"uv":[1.0,13.0,1.5,13.5],"tintindex":0,"rotation":0,"texture":"#0"},"up":{"uv":[1.0,13.0,1.5,13.5],"tintindex":0,"rotation":0,"texture":"#0"},"down":{"uv":[1.0,13.0,1.785715,13.5],"tintindex":0,"rotation":0,"texture":"#0"}},"rotation":{"origin":[16.0,16.0,16.0],"angle":-22.5,"axis":"y"}},{"from":[15.6,13.7,15.920441],"to":[16.4,18.5,16.07956],"faces":{"east":{"uv":[1.0,13.0,1.5,13.5],"tintindex":0,"rotation":0,"texture":"#0"},"south":{"uv":[1.0,13.0,1.5,13.5],"tintindex":0,"rotation":0,"texture":"#0"},"north":{"uv":[1.0,13.0,1.785715,13.5],"tintindex":0,"rotation":0,"texture":"#0"},"west":{"uv":[1.0,13.0,1.5,13.5],"tintindex":0,"rotation":0,"texture":"#0"},"up":{"uv":[1.0,13.0,1.5,13.5],"tintindex":0,"rotation":0,"texture":"#0"},"down":{"uv":[1.0,13.0,1.785715,13.5],"tintindex":0,"rotation":0,"texture":"#0"}},"rotation":{"origin":[16.0,16.0,16.0],"angle":-22.5,"axis":"y"}},{"from":[15.6,13.7,15.920441],"to":[16.4,18.5,16.07956],"faces":{"east":{"uv":[1.0,13.0,1.5,13.5],"tintindex":0,"rotation":0,"texture":"#0"},"south":{"uv":[1.0,13.0,1.5,13.5],"tintindex":0,"rotation":0,"texture":"#0"},"north":{"uv":[1.0,13.0,1.785715,13.5],"tintindex":0,"rotation":0,"texture":"#0"},"west":{"uv":[1.0,13.0,1.5,13.5],"tintindex":0,"rotation":0,"texture":"#0"},"up":{"uv":[1.0,13.0,1.5,13.5],"tintindex":0,"rotation":0,"texture":"#0"},"down":{"uv":[1.0,13.0,1.785715,13.5],"tintindex":0,"rotation":0,"texture":"#0"}}},{"from":[15.920441,13.7,15.6],"to":[16.07956,18.5,16.4],"faces":{"east":{"uv":[1.0,13.0,1.5,13.5],"tintindex":0,"rotation":0,"texture":"#0"},"south":{"uv":[1.0,13.0,1.5,13.5],"tintindex":0,"rotation":0,"texture":"#0"},"north":{"uv":[1.0,13.0,1.785715,13.5],"tintindex":0,"rotation":0,"texture":"#0"},"west":{"uv":[1.0,13.0,1.5,13.5],"tintindex":0,"rotation":0,"texture":"#0"},"up":{"uv":[1.0,13.0,1.5,13.5],"tintindex":0,"rotation":0,"texture":"#0"},"down":{"uv":[1.0,13.0,1.785715,13.5],"tintindex":0,"rotation":0,"texture":"#0"}},"rotation":{"origin":[16.0,16.0,16.0],"angle":-45.0,"axis":"y"}},{"from":[15.920441,13.7,15.6],"to":[16.07956,18.5,16.4],"faces":{"east":{"uv":[1.0,13.0,1.5,13.5],"tintindex":0,"rotation":0,"texture":"#0"},"south":{"uv":[1.0,13.0,1.5,13.5],"tintindex":0,"rotation":0,"texture":"#0"},"north":{"uv":[1.0,13.0,1.785715,13.5],"tintindex":0,"rotation":0,"texture":"#0"},"west":{"uv":[1.0,13.0,1.5,13.5],"tintindex":0,"rotation":0,"texture":"#0"},"up":{"uv":[1.0,13.0,1.5,13.5],"tintindex":0,"rotation":0,"texture":"#0"},"down":{"uv":[1.0,13.0,1.785715,13.5],"tintindex":0,"rotation":0,"texture":"#0"}},"rotation":{"origin":[16.0,16.0,16.0],"angle":45.0,"axis":"y"}},{"from":[15.920441,13.7,15.6],"to":[16.07956,18.5,16.4],"faces":{"east":{"uv":[1.0,13.0,1.5,13.5],"tintindex":0,"rotation":0,"texture":"#0"},"south":{"uv":[1.0,13.0,1.5,13.5],"tintindex":0,"rotation":0,"texture":"#0"},"north":{"uv":[1.0,13.0,1.785715,13.5],"tintindex":0,"rotation":0,"texture":"#0"},"west":{"uv":[1.0,13.0,1.5,13.5],"tintindex":0,"rotation":0,"texture":"#0"},"up":{"uv":[1.0,13.0,1.5,13.5],"tintindex":0,"rotation":0,"texture":"#0"},"down":{"uv":[1.0,13.0,1.785715,13.5],"tintindex":0,"rotation":0,"texture":"#0"}}},{"from":[15.6,13.7,15.920441],"to":[16.4,18.5,16.07956],"faces":{"east":{"uv":[1.0,13.0,1.5,13.5],"tintindex":0,"rotation":0,"texture":"#0"},"south":{"uv":[1.0,13.0,1.5,13.5],"tintindex":0,"rotation":0,"texture":"#0"},"north":{"uv":[1.0,13.0,1.785715,13.5],"tintindex":0,"rotation":0,"texture":"#0"},"west":{"uv":[1.0,13.0,1.5,13.5],"tintindex":0,"rotation":0,"texture":"#0"},"up":{"uv":[1.0,13.0,1.5,13.5],"tintindex":0,"rotation":0,"texture":"#0"},"down":{"uv":[1.0,13.0,1.785715,13.5],"tintindex":0,"rotation":0,"texture":"#0"}},"rotation":{"origin":[16.0,16.0,16.0],"angle":22.5,"axis":"y"}},{"from":[15.920441,13.7,15.6],"to":[16.07956,18.5,16.4],"faces":{"east":{"uv":[1.0,13.0,1.5,13.5],"tintindex":0,"rotation":0,"texture":"#0"},"south":{"uv":[1.0,13.0,1.5,13.5],"tintindex":0,"rotation":0,"texture":"#0"},"north":{"uv":[1.0,13.0,1.785715,13.5],"tintindex":0,"rotation":0,"texture":"#0"},"west":{"uv":[1.0,13.0,1.5,13.5],"tintindex":0,"rotation":0,"texture":"#0"},"up":{"uv":[1.0,13.0,1.5,13.5],"tintindex":0,"rotation":0,"texture":"#0"},"down":{"uv":[1.0,13.0,1.785715,13.5],"tintindex":0,"rotation":0,"texture":"#0"}},"rotation":{"origin":[16.0,16.0,16.0],"angle":22.5,"axis":"y"}}],"display":{"head":{"rotation":[0.0,0.0,0.0]},"firstperson_righthand":{"rotation":[0.0,0.0,0.0]},"thirdperson_lefthand":{"rotation":[0.0,-0.0,-0.0]},"firstperson_lefthand":{"rotation":[0.0,-0.0,-0.0]},"fixed":{"rotation":[0.0,0.0,0.0]},"ground":{"rotation":[0.0,0.0,0.0]},"thirdperson_righthand":{"rotation":[0.0,0.0,0.0]},"gui":{"rotation":[-150.0,-45.0,180.0]}}}