{"textures":{"0":"modelengine:entity/mc1","1":"modelengine:entity/mc2","particle":"#1"},"elements":[{"from":[2.2923565,14.633333,7.594023],"to":[4.2923565,15.333334,15.927357],"faces":{"east":{"uv":[0.0,0.0,16.0,2.1],"tintindex":0,"rotation":0,"texture":"#1"},"south":{"uv":[0.0,0.0,6.0,2.1],"tintindex":0,"rotation":0,"texture":"#1"},"north":{"uv":[0.0,0.0,6.0,2.1],"tintindex":0,"rotation":0,"texture":"#1"},"west":{"uv":[0.0,0.0,16.0,2.1],"tintindex":0,"rotation":0,"texture":"#1"},"up":{"uv":[0.0,0.0,6.0,16.0],"tintindex":0,"rotation":0,"texture":"#1"},"down":{"uv":[0.0,0.0,6.0,16.0],"tintindex":0,"rotation":0,"texture":"#1"}}},{"from":[4.07821,8.0,3.2825866],"to":[22.57821,8.7,8.282587],"faces":{"east":{"uv":[0.0,0.0,15.0,2.1],"tintindex":0,"rotation":0,"texture":"#1"},"south":{"uv":[0.0,0.0,16.0,2.1],"tintindex":0,"rotation":0,"texture":"#1"},"north":{"uv":[0.0,0.0,16.0,2.1],"tintindex":0,"rotation":0,"texture":"#1"},"west":{"uv":[0.0,0.0,15.0,2.1],"tintindex":0,"rotation":0,"texture":"#1"},"up":{"uv":[0.0,0.0,16.0,15.0],"tintindex":0,"rotation":0,"texture":"#1"},"down":{"uv":[0.0,0.0,16.0,15.0],"tintindex":0,"rotation":0,"texture":"#1"}}},{"from":[20.731148,14.666667,3.3847733],"to":[22.731148,15.3,8.384773],"faces":{"east":{"uv":[0.0,0.0,15.0,1.9],"tintindex":0,"rotation":0,"texture":"#1"},"south":{"uv":[0.0,0.0,6.0,1.9],"tintindex":0,"rotation":0,"texture":"#1"},"north":{"uv":[0.0,0.0,6.0,1.9],"tintindex":0,"rotation":0,"texture":"#1"},"west":{"uv":[0.0,0.0,15.0,1.9],"tintindex":0,"rotation":0,"texture":"#1"},"up":{"uv":[0.0,0.0,6.0,15.0],"tintindex":0,"rotation":0,"texture":"#1"},"down":{"uv":[0.0,0.0,6.0,15.0],"tintindex":0,"rotation":0,"texture":"#1"}},"rotation":{"origin":[22.397814,14.666667,3.7181063],"angle":22.5,"axis":"y"}},{"from":[2.3945432,14.666667,3.0802932],"to":[4.394543,15.3,7.74696],"faces":{"east":{"uv":[0.0,0.0,14.0,1.9],"tintindex":0,"rotation":0,"texture":"#1"},"south":{"uv":[0.0,0.0,6.0,1.9],"tintindex":0,"rotation":0,"texture":"#1"},"north":{"uv":[0.0,0.0,6.0,1.9],"tintindex":0,"rotation":0,"texture":"#1"},"west":{"uv":[0.0,0.0,14.0,1.9],"tintindex":0,"rotation":0,"texture":"#1"},"up":{"uv":[0.0,0.0,6.0,14.0],"tintindex":0,"rotation":0,"texture":"#1"},"down":{"uv":[0.0,0.0,6.0,14.0],"tintindex":0,"rotation":0,"texture":"#1"}},"rotation":{"origin":[2.7278767,14.666667,7.4136267],"angle":-22.5,"axis":"y"}},{"from":[2.2923565,7.9666667,7.594023],"to":[24.392357,8.666667,15.927357],"faces":{"east":{"uv":[0.0,0.0,16.0,2.1],"tintindex":0,"rotation":0,"texture":"#1"},"south":{"uv":[0.0,0.0,16.0,2.1],"tintindex":0,"rotation":0,"texture":"#1"},"north":{"uv":[0.0,0.0,16.0,2.1],"tintindex":0,"rotation":0,"texture":"#1"},"west":{"uv":[0.0,0.0,16.0,2.1],"tintindex":0,"rotation":0,"texture":"#1"},"up":{"uv":[0.0,0.0,16.0,16.0],"tintindex":0,"rotation":0,"texture":"#1"},"down":{"uv":[0.0,0.0,16.0,16.0],"tintindex":0,"rotation":0,"texture":"#1"}}},{"from":[4.07821,14.633333,3.2825866],"to":[22.57821,15.333334,6.2825866],"faces":{"east":{"uv":[0.0,0.0,9.0,2.1],"tintindex":0,"rotation":0,"texture":"#1"},"south":{"uv":[0.0,0.0,16.0,2.1],"tintindex":0,"rotation":0,"texture":"#1"},"north":{"uv":[0.0,0.0,16.0,2.1],"tintindex":0,"rotation":0,"texture":"#1"},"west":{"uv":[0.0,0.0,9.0,2.1],"tintindex":0,"rotation":0,"texture":"#1"},"up":{"uv":[0.0,0.0,16.0,9.0],"tintindex":0,"rotation":0,"texture":"#1"},"down":{"uv":[0.0,0.0,16.0,9.0],"tintindex":0,"rotation":0,"texture":"#1"}}},{"from":[24.37431,8.0,7.594023],"to":[25.040977,17.333334,15.927357],"faces":{"east":{"uv":[0.0,0.0,16.0,16.0],"tintindex":0,"rotation":0,"texture":"#0"},"south":{"uv":[0.0,0.0,2.0,16.0],"tintindex":0,"rotation":0,"texture":"#0"},"north":{"uv":[0.0,0.0,2.0,16.0],"tintindex":0,"rotation":0,"texture":"#0"},"west":{"uv":[0.0,0.0,16.0,16.0],"tintindex":0,"rotation":0,"texture":"#0"},"up":{"uv":[0.0,0.0,2.0,16.0],"tintindex":0,"rotation":0,"texture":"#0"},"down":{"uv":[0.0,0.0,2.0,16.0],"tintindex":0,"rotation":0,"texture":"#0"}}},{"from":[20.731148,8.033334,3.3847733],"to":[22.731148,8.633333,8.384773],"faces":{"east":{"uv":[0.0,0.0,15.0,1.8],"tintindex":0,"rotation":0,"texture":"#1"},"south":{"uv":[0.0,0.0,6.0,1.8],"tintindex":0,"rotation":0,"texture":"#1"},"north":{"uv":[0.0,0.0,6.0,1.8],"tintindex":0,"rotation":0,"texture":"#1"},"west":{"uv":[0.0,0.0,15.0,1.8],"tintindex":0,"rotation":0,"texture":"#1"},"up":{"uv":[0.0,0.0,6.0,15.0],"tintindex":0,"rotation":0,"texture":"#1"},"down":{"uv":[0.0,0.0,6.0,15.0],"tintindex":0,"rotation":0,"texture":"#1"}},"rotation":{"origin":[22.397814,8.0,3.7181063],"angle":22.5,"axis":"y"}},{"from":[3.6666665,8.0,2.6666665],"to":[23.0,17.333334,3.333333],"faces":{"east":{"uv":[0.0,0.0,2.0,16.0],"tintindex":0,"rotation":0,"texture":"#0"},"south":{"uv":[0.0,0.0,16.0,16.0],"tintindex":0,"rotation":0,"texture":"#0"},"north":{"uv":[0.0,0.0,16.0,16.0],"tintindex":0,"rotation":0,"texture":"#0"},"west":{"uv":[0.0,0.0,2.0,16.0],"tintindex":0,"rotation":0,"texture":"#0"},"up":{"uv":[0.0,0.0,16.0,2.0],"tintindex":0,"rotation":0,"texture":"#0"},"down":{"uv":[0.0,0.0,16.0,2.0],"tintindex":0,"rotation":0,"texture":"#0"}}},{"from":[3.513733,8.033334,2.7688532],"to":[4.1804,17.300001,8.102186],"faces":{"east":{"uv":[0.0,0.0,16.0,16.0],"tintindex":0,"rotation":0,"texture":"#0"},"south":{"uv":[0.0,0.0,2.0,16.0],"tintindex":0,"rotation":0,"texture":"#0"},"north":{"uv":[0.0,0.0,2.0,16.0],"tintindex":0,"rotation":0,"texture":"#0"},"west":{"uv":[0.0,0.0,16.0,16.0],"tintindex":0,"rotation":0,"texture":"#0"},"up":{"uv":[0.0,0.0,2.0,16.0],"tintindex":0,"rotation":0,"texture":"#0"},"down":{"uv":[0.0,0.0,2.0,16.0],"tintindex":0,"rotation":0,"texture":"#0"}},"rotation":{"origin":[3.8470664,8.0,3.1021862],"angle":-22.5,"axis":"y"}},{"from":[22.486267,8.033334,2.7688532],"to":[23.152935,17.300001,8.102186],"faces":{"east":{"uv":[0.0,0.0,16.0,16.0],"tintindex":0,"rotation":0,"texture":"#0"},"south":{"uv":[0.0,0.0,2.0,16.0],"tintindex":0,"rotation":0,"texture":"#0"},"north":{"uv":[0.0,0.0,2.0,16.0],"tintindex":0,"rotation":0,"texture":"#0"},"west":{"uv":[0.0,0.0,16.0,16.0],"tintindex":0,"rotation":0,"texture":"#0"},"up":{"uv":[0.0,0.0,2.0,16.0],"tintindex":0,"rotation":0,"texture":"#0"},"down":{"uv":[0.0,0.0,2.0,16.0],"tintindex":0,"rotation":0,"texture":"#0"}},"rotation":{"origin":[22.819601,8.0,3.1021862],"angle":22.5,"axis":"y"}},{"from":[1.6256895,8.0,7.594023],"to":[2.2923565,17.333334,15.927357],"faces":{"east":{"uv":[0.0,0.0,16.0,16.0],"tintindex":0,"rotation":0,"texture":"#0"},"south":{"uv":[0.0,0.0,2.0,16.0],"tintindex":0,"rotation":0,"texture":"#0"},"north":{"uv":[0.0,0.0,2.0,16.0],"tintindex":0,"rotation":0,"texture":"#0"},"west":{"uv":[0.0,0.0,16.0,16.0],"tintindex":0,"rotation":0,"texture":"#0"},"up":{"uv":[0.0,0.0,2.0,16.0],"tintindex":0,"rotation":0,"texture":"#0"},"down":{"uv":[0.0,0.0,2.0,16.0],"tintindex":0,"rotation":0,"texture":"#0"}}},{"from":[22.491627,14.633333,7.9019833],"to":[24.491627,15.333334,15.901983],"faces":{"east":{"uv":[0.0,0.0,16.0,2.1],"tintindex":0,"rotation":0,"texture":"#1"},"south":{"uv":[0.0,0.0,6.0,2.1],"tintindex":0,"rotation":0,"texture":"#1"},"north":{"uv":[0.0,0.0,6.0,2.1],"tintindex":0,"rotation":0,"texture":"#1"},"west":{"uv":[0.0,0.0,16.0,2.1],"tintindex":0,"rotation":0,"texture":"#1"},"up":{"uv":[0.0,0.0,6.0,16.0],"tintindex":0,"rotation":0,"texture":"#1"},"down":{"uv":[0.0,0.0,6.0,16.0],"tintindex":0,"rotation":0,"texture":"#1"}}},{"from":[2.3945432,8.033334,3.0802932],"to":[4.394543,8.633333,7.74696],"faces":{"east":{"uv":[0.0,0.0,14.0,1.8],"tintindex":0,"rotation":0,"texture":"#1"},"south":{"uv":[0.0,0.0,6.0,1.8],"tintindex":0,"rotation":0,"texture":"#1"},"north":{"uv":[0.0,0.0,6.0,1.8],"tintindex":0,"rotation":0,"texture":"#1"},"west":{"uv":[0.0,0.0,14.0,1.8],"tintindex":0,"rotation":0,"texture":"#1"},"up":{"uv":[0.0,0.0,6.0,14.0],"tintindex":0,"rotation":0,"texture":"#1"},"down":{"uv":[0.0,0.0,6.0,14.0],"tintindex":0,"rotation":0,"texture":"#1"}},"rotation":{"origin":[2.7278767,8.0,7.4136267],"angle":-22.5,"axis":"y"}}],"display":{"head":{"rotation":[0.0,0.0,0.0]},"firstperson_righthand":{"rotation":[0.0,0.0,0.0]},"thirdperson_lefthand":{"rotation":[0.0,-0.0,-0.0]},"firstperson_lefthand":{"rotation":[0.0,-0.0,-0.0]},"fixed":{"rotation":[0.0,0.0,0.0]},"ground":{"rotation":[0.0,0.0,0.0]},"thirdperson_righthand":{"rotation":[0.0,0.0,0.0]},"gui":{"rotation":[-150.0,-45.0,180.0]}}}