{"textures":{"0":"modelengine:entity/2","particle":"#0"},"elements":[{"from":[7.5,8.1,-4.5],"to":[20.5,9.1,8.5],"faces":{"east":{"uv":[0.0,3.25,3.25,3.5],"tintindex":0,"rotation":0,"texture":"#0"},"south":{"uv":[9.75,3.25,13.0,3.5],"tintindex":0,"rotation":0,"texture":"#0"},"north":{"uv":[3.25,3.25,6.5,3.5],"tintindex":0,"rotation":0,"texture":"#0"},"west":{"uv":[6.5,3.25,9.75,3.5],"tintindex":0,"rotation":0,"texture":"#0"},"up":{"uv":[6.5,3.25,3.25,0.0],"tintindex":0,"rotation":0,"texture":"#0"},"down":{"uv":[9.75,0.0,6.5,3.25],"tintindex":0,"rotation":0,"texture":"#0"}}},{"from":[19.4,8.0,-4.0],"to":[21.4,8.8,7.9999995],"faces":{"up":{"uv":[3.5,4.5,0.5,4.0],"tintindex":0,"rotation":90,"texture":"#0"},"down":{"uv":[6.5,4.0,3.5,4.5],"tintindex":0,"rotation":270,"texture":"#0"}}},{"from":[19.0,8.0,7.0],"to":[21.0,8.79,9.0],"faces":{"up":{"uv":[5.0,6.0,4.5,5.5],"tintindex":0,"rotation":0,"texture":"#0"},"down":{"uv":[5.5,5.5,5.0,6.0],"tintindex":0,"rotation":0,"texture":"#0"}},"rotation":{"origin":[20.0,8.0,8.0],"angle":-45.0,"axis":"y"}},{"from":[7.0,8.0,7.0],"to":[9.0,8.79,9.0],"faces":{"up":{"uv":[1.0,6.0,0.5,5.5],"tintindex":0,"rotation":0,"texture":"#0"},"down":{"uv":[1.5,5.5,1.0,6.0],"tintindex":0,"rotation":0,"texture":"#0"}},"rotation":{"origin":[8.0,8.0,8.0],"angle":-45.0,"axis":"y"}},{"from":[6.6,8.0,-4.0],"to":[8.6,8.8,8.0],"faces":{"up":{"uv":[3.5,4.0,0.5,3.5],"tintindex":0,"rotation":90,"texture":"#0"},"down":{"uv":[6.5,3.5,3.5,4.0],"tintindex":0,"rotation":270,"texture":"#0"}}},{"from":[8.0,8.0,7.3999996],"to":[20.0,8.8,9.4],"faces":{"up":{"uv":[3.5,5.5,0.5,5.0],"tintindex":0,"rotation":180,"texture":"#0"},"down":{"uv":[6.5,5.0,3.5,5.5],"tintindex":0,"rotation":180,"texture":"#0"}}},{"from":[7.0,8.0,-5.0],"to":[9.0,8.79,-3.0],"faces":{"up":{"uv":[1.0,6.5,0.5,6.0],"tintindex":0,"rotation":0,"texture":"#0"},"down":{"uv":[1.5,6.0,1.0,6.5],"tintindex":0,"rotation":0,"texture":"#0"}},"rotation":{"origin":[8.0,8.0,-4.0],"angle":-45.0,"axis":"y"}},{"from":[8.0,8.0,-5.4000006],"to":[20.0,8.8,-3.4000006],"faces":{"up":{"uv":[3.5,5.0,0.5,4.5],"tintindex":0,"rotation":180,"texture":"#0"},"down":{"uv":[6.5,4.5,3.5,5.0],"tintindex":0,"rotation":180,"texture":"#0"}}},{"from":[19.0,8.0,-5.0],"to":[21.0,8.79,-3.0],"faces":{"up":{"uv":[3.0,6.0,2.5,5.5],"tintindex":0,"rotation":0,"texture":"#0"},"down":{"uv":[3.5,5.5,3.0,6.0],"tintindex":0,"rotation":0,"texture":"#0"}},"rotation":{"origin":[20.0,8.0,-4.0],"angle":-45.0,"axis":"y"}}],"display":{"head":{"rotation":[0.0,0.0,0.0]},"firstperson_righthand":{"rotation":[0.0,0.0,0.0]},"thirdperson_lefthand":{"rotation":[0.0,-0.0,-0.0]},"firstperson_lefthand":{"rotation":[0.0,-0.0,-0.0]},"fixed":{"rotation":[0.0,0.0,0.0]},"ground":{"rotation":[0.0,0.0,0.0]},"thirdperson_righthand":{"rotation":[0.0,0.0,0.0]},"gui":{"rotation":[-150.0,-45.0,180.0]}}}