{"textures":{"0":"modelengine:entity/pair_g","particle":"#0"},"elements":[{"from":[8.1,7.995,8.0],"to":[8.2,8.015,8.01],"faces":{"east":{"uv":[6.0,4.5,6.5,5.0],"tintindex":0,"rotation":0,"texture":"#0"},"south":{"uv":[5.0,6.0,5.5,6.5],"tintindex":0,"rotation":0,"texture":"#0"},"north":{"uv":[4.5,6.0,5.0,6.5],"tintindex":0,"rotation":0,"texture":"#0"},"west":{"uv":[6.0,5.0,6.5,5.5],"tintindex":0,"rotation":0,"texture":"#0"},"up":{"uv":[6.0,6.5,5.5,6.0],"tintindex":0,"rotation":0,"texture":"#0"},"down":{"uv":[6.5,5.5,6.0,6.0],"tintindex":0,"rotation":0,"texture":"#0"}}},{"from":[8.3,7.995,8.0],"to":[8.7,8.046,8.01],"faces":{"east":{"uv":[6.0,1.5,6.5,2.0],"tintindex":0,"rotation":0,"texture":"#0"},"south":{"uv":[2.0,6.0,2.5,6.5],"tintindex":0,"rotation":0,"texture":"#0"},"north":{"uv":[1.5,6.0,2.0,6.5],"tintindex":0,"rotation":0,"texture":"#0"},"west":{"uv":[6.0,2.0,6.5,2.5],"tintindex":0,"rotation":0,"texture":"#0"},"up":{"uv":[3.0,6.5,2.5,6.0],"tintindex":0,"rotation":0,"texture":"#0"},"down":{"uv":[6.5,2.5,6.0,3.0],"tintindex":0,"rotation":0,"texture":"#0"}}},{"from":[9.5,7.995,8.0],"to":[10.9,8.205,8.01],"faces":{"east":{"uv":[4.5,5.5,5.0,6.0],"tintindex":0,"rotation":0,"texture":"#0"},"south":{"uv":[5.5,4.5,6.0,5.0],"tintindex":0,"rotation":0,"texture":"#0"},"north":{"uv":[5.5,4.0,6.0,4.5],"tintindex":0,"rotation":0,"texture":"#0"},"west":{"uv":[5.0,5.5,5.5,6.0],"tintindex":0,"rotation":0,"texture":"#0"},"up":{"uv":[6.0,5.5,5.5,5.0],"tintindex":0,"rotation":0,"texture":"#0"},"down":{"uv":[6.0,5.5,5.5,6.0],"tintindex":0,"rotation":0,"texture":"#0"}}},{"from":[10.9,7.995,8.0],"to":[10.97,8.412,8.01],"faces":{"east":{"uv":[3.0,5.5,3.5,6.0],"tintindex":0,"rotation":0,"texture":"#0"},"south":{"uv":[5.5,3.0,6.0,3.5],"tintindex":0,"rotation":0,"texture":"#0"},"north":{"uv":[5.5,2.5,6.0,3.0],"tintindex":0,"rotation":0,"texture":"#0"},"west":{"uv":[3.5,5.5,4.0,6.0],"tintindex":0,"rotation":0,"texture":"#0"},"up":{"uv":[6.0,4.0,5.5,3.5],"tintindex":0,"rotation":0,"texture":"#0"},"down":{"uv":[4.5,5.5,4.0,6.0],"tintindex":0,"rotation":0,"texture":"#0"}}},{"from":[8.7,7.995,8.0],"to":[9.5,8.095,8.01],"faces":{"east":{"uv":[6.0,0.0,6.5,0.5],"tintindex":0,"rotation":0,"texture":"#0"},"south":{"uv":[0.5,6.0,1.0,6.5],"tintindex":0,"rotation":0,"texture":"#0"},"north":{"uv":[0.0,6.0,0.5,6.5],"tintindex":0,"rotation":0,"texture":"#0"},"west":{"uv":[6.0,0.5,6.5,1.0],"tintindex":0,"rotation":0,"texture":"#0"},"up":{"uv":[1.5,6.5,1.0,6.0],"tintindex":0,"rotation":0,"texture":"#0"},"down":{"uv":[6.5,1.0,6.0,1.5],"tintindex":0,"rotation":0,"texture":"#0"}}},{"from":[8.2,7.995,8.0],"to":[8.3,8.025,8.01],"faces":{"east":{"uv":[6.0,3.0,6.5,3.5],"tintindex":0,"rotation":0,"texture":"#0"},"south":{"uv":[3.5,6.0,4.0,6.5],"tintindex":0,"rotation":0,"texture":"#0"},"north":{"uv":[3.0,6.0,3.5,6.5],"tintindex":0,"rotation":0,"texture":"#0"},"west":{"uv":[6.0,3.5,6.5,4.0],"tintindex":0,"rotation":0,"texture":"#0"},"up":{"uv":[4.5,6.5,4.0,6.0],"tintindex":0,"rotation":0,"texture":"#0"},"down":{"uv":[6.5,4.0,6.0,4.5],"tintindex":0,"rotation":0,"texture":"#0"}}},{"from":[8.0,7.995,8.0],"to":[8.2,8.005,8.01],"faces":{"east":{"uv":[0.0,6.5,0.5,7.0],"tintindex":0,"rotation":0,"texture":"#0"},"south":{"uv":[6.5,0.0,7.0,0.5],"tintindex":0,"rotation":0,"texture":"#0"},"north":{"uv":[6.0,6.0,6.5,6.5],"tintindex":0,"rotation":0,"texture":"#0"},"west":{"uv":[0.5,6.5,1.0,7.0],"tintindex":0,"rotation":0,"texture":"#0"},"up":{"uv":[7.0,1.0,6.5,0.5],"tintindex":0,"rotation":0,"texture":"#0"},"down":{"uv":[1.5,6.5,1.0,7.0],"tintindex":0,"rotation":0,"texture":"#0"}}}],"display":{"head":{"rotation":[0.0,0.0,0.0]},"firstperson_righthand":{"rotation":[0.0,0.0,0.0]},"thirdperson_lefthand":{"rotation":[0.0,-0.0,-0.0]},"firstperson_lefthand":{"rotation":[0.0,-0.0,-0.0]},"fixed":{"rotation":[0.0,0.0,0.0]},"ground":{"rotation":[0.0,0.0,0.0]},"thirdperson_righthand":{"rotation":[0.0,0.0,0.0]},"gui":{"rotation":[-150.0,-45.0,180.0]}}}