{"format_version":"1.21.6","credit":"Made with Blockbench","texture_size":[64,64],"textures":{"0":"furniturepack:chair","particle":"furniturepack:chair"},"elements":[{"from":[2,0,2],"to":[14,1,14],"faces":{"north":{"uv":[1.375,5.375,4.375,5.625],"texture":"#0"},"east":{"uv":[2,5.75,5,6],"texture":"#0"},"south":{"uv":[2.375,5.125,5.375,5.375],"texture":"#0"},"west":{"uv":[1.75,5.5,4.75,5.75],"texture":"#0"},"up":{"uv":[6.5,3.25,3.25,0],"texture":"#0"},"down":{"uv":[3.125,4.125,6.125,7.125],"texture":"#0"}}},{"from":[14,0,2],"to":[15,1,14],"faces":{"north":{"uv":[4.5,5.625,5,5.875],"texture":"#0"},"east":{"uv":[2.875,5.75,5.875,6],"texture":"#0"},"south":{"uv":[3.25,5.75,3.75,6],"texture":"#0"},"west":{"uv":[3,5.25,6,5.5],"texture":"#0"},"up":{"uv":[4.75,3.75,5.25,6.75],"texture":"#0"},"down":{"uv":[4.625,3.625,5.125,6.625],"texture":"#0"}}},{"from":[1,0,2],"to":[2,1,14],"faces":{"north":{"uv":[4.5,5.625,5,5.875],"texture":"#0"},"east":{"uv":[2.875,5.75,5.875,6],"texture":"#0"},"south":{"uv":[3.25,5.75,3.75,6],"texture":"#0"},"west":{"uv":[3,5.25,6,5.5],"texture":"#0"},"up":{"uv":[4.75,3.75,5.25,6.75],"texture":"#0"},"down":{"uv":[4.625,3.625,5.125,6.625],"texture":"#0"}}},{"from":[2,0,14],"to":[14,1,15],"faces":{"north":{"uv":[2.875,5.75,5.875,6],"texture":"#0"},"east":{"uv":[3.25,5.75,3.75,6],"texture":"#0"},"south":{"uv":[3,5.25,6,5.5],"texture":"#0"},"west":{"uv":[4.5,5.625,5,5.875],"texture":"#0"},"up":{"uv":[4.75,3.75,5.25,6.75],"rotation":270,"texture":"#0"},"down":{"uv":[4.625,3.625,5.125,6.625],"rotation":90,"texture":"#0"}}},{"from":[2,0,1],"to":[14,1,2],"faces":{"north":{"uv":[2.875,5.75,5.875,6],"texture":"#0"},"east":{"uv":[3.25,5.75,3.75,6],"texture":"#0"},"south":{"uv":[3,5.25,6,5.5],"texture":"#0"},"west":{"uv":[4.5,5.625,5,5.875],"texture":"#0"},"up":{"uv":[4.75,3.75,5.25,6.75],"rotation":270,"texture":"#0"},"down":{"uv":[4.625,3.625,5.125,6.625],"rotation":90,"texture":"#0"}}}],"display":{"thirdperson_righthand":{"rotation":[75,45,0],"translation":[0,2.5,0],"scale":[0.375,0.375,0.375]},"thirdperson_lefthand":{"rotation":[75,45,0],"translation":[0,2.5,0],"scale":[0.375,0.375,0.375]},"firstperson_righthand":{"rotation":[0,45,0],"scale":[0.4,0.4,0.4]},"firstperson_lefthand":{"rotation":[0,-135,0],"scale":[0.4,0.4,0.4]},"ground":{"translation":[0,3,0],"scale":[0.25,0.25,0.25]},"gui":{"rotation":[30,-135,0],"translation":[0,-0.75,0],"scale":[0.5,0.5,0.5]},"head":{"rotation":[0,-180,0],"translation":[0,-13.75,0],"scale":[2.305,2.305,2.305]},"fixed":{"scale":[0.5,0.5,0.5]}}}