{"format_version":"1.21.6","credit":"Made with Blockbench","texture_size":[32,32],"textures":{"0":"furniturepack:lamp","particle":"furniturepack:lamp"},"elements":[{"name":"body","from":[7.5,4,7.5],"to":[8.5,6,8.5],"faces":{"north":{"uv":[6,11,7,13],"texture":"#0"},"east":{"uv":[5,11,6,13],"texture":"#0"},"south":{"uv":[8,11,9,13],"texture":"#0"},"west":{"uv":[7,11,8,13],"texture":"#0"},"up":{"uv":[7,11,6,10],"texture":"#0"},"down":{"uv":[8,10,7,11],"texture":"#0"}}},{"name":"body","from":[7.4,5,7.4],"to":[8.6,7,8.6],"faces":{"north":{"uv":[10,12,11,14],"texture":"#0"},"east":{"uv":[9,12,10,14],"texture":"#0"},"south":{"uv":[12,12,13,14],"texture":"#0"},"west":{"uv":[11,12,12,14],"texture":"#0"},"up":{"uv":[11,12,10,11],"texture":"#0"},"down":{"uv":[12,11,11,12],"texture":"#0"}}},{"name":"body","from":[7.38,5.98,7.38],"to":[8.62,8.02,8.62],"faces":{"north":{"uv":[13,14,14,16],"texture":"#0"},"east":{"uv":[12,14,13,16],"texture":"#0"},"south":{"uv":[15,14,16,16],"texture":"#0"},"west":{"uv":[14,14,15,16],"texture":"#0"},"up":{"uv":[14,14,13,13],"texture":"#0"},"down":{"uv":[15,13,14,14],"texture":"#0"}}},{"name":"body","from":[7.3,6.6,7.3],"to":[8.7,9,8.7],"faces":{"north":{"uv":[6,14,7,16],"texture":"#0"},"east":{"uv":[5,14,6,16],"texture":"#0"},"south":{"uv":[8,14,9,16],"texture":"#0"},"west":{"uv":[7,14,8,16],"texture":"#0"},"up":{"uv":[7,14,6,13],"texture":"#0"},"down":{"uv":[8,13,7,14],"texture":"#0"}}},{"name":"body","from":[7.2,8.9,7.2],"to":[8.8,9.2,8.8],"faces":{"north":{"uv":[13,9,14,9],"texture":"#0"},"east":{"uv":[12,9,13,9],"texture":"#0"},"south":{"uv":[15,9,16,9],"texture":"#0"},"west":{"uv":[14,9,15,9],"texture":"#0"},"up":{"uv":[14,9,13,8],"texture":"#0"},"down":{"uv":[15,8,14,9],"texture":"#0"}}},{"name":"hexadecagon","from":[7.77125,9.4,6.85],"to":[8.22875,11.3,9.15],"rotation":{"angle":-45,"axis":"y","origin":[8,10.3,8]},"faces":{"north":{"uv":[0,0,0.25,0.25],"texture":"#0"},"east":{"uv":[0,0,0.25,0.25],"texture":"#0"},"south":{"uv":[0,0,0.25,0.25],"texture":"#0"},"west":{"uv":[0,0,0.25,0.25],"texture":"#0"},"up":{"uv":[0,0,0.25,0.25],"texture":"#0"},"down":{"uv":[0,0,0.25,0.25],"texture":"#0"}}},{"name":"hexadecagon","from":[7.77125,9.4,6.85],"to":[8.22875,11.3,9.15],"rotation":{"angle":-22.5,"axis":"y","origin":[8,10.3,8]},"faces":{"north":{"uv":[0,0,0.25,0.25],"texture":"#0"},"east":{"uv":[0,0,0.25,0.25],"texture":"#0"},"south":{"uv":[0,0,0.25,0.25],"texture":"#0"},"west":{"uv":[0,0,0.25,0.25],"texture":"#0"},"up":{"uv":[0,0,0.25,0.25],"texture":"#0"},"down":{"uv":[0,0,0.25,0.25],"texture":"#0"}}},{"name":"hexadecagon","from":[7.77125,9.4,6.85],"to":[8.22875,11.3,9.15],"faces":{"north":{"uv":[0,0,0.25,0.25],"texture":"#0"},"east":{"uv":[0,0,0.25,0.25],"texture":"#0"},"south":{"uv":[0,0,0.25,0.25],"texture":"#0"},"west":{"uv":[0,0,0.25,0.25],"texture":"#0"},"up":{"uv":[0,0,0.25,0.25],"texture":"#0"},"down":{"uv":[0,0,0.25,0.25],"texture":"#0"}}},{"name":"hexadecagon","from":[7.77125,9.4,6.85],"to":[8.22875,11.3,9.15],"rotation":{"angle":22.5,"axis":"y","origin":[8,10.3,8]},"faces":{"north":{"uv":[0,0,0.25,0.25],"texture":"#0"},"east":{"uv":[0,0,0.25,0.25],"texture":"#0"},"south":{"uv":[0,0,0.25,0.25],"texture":"#0"},"west":{"uv":[0,0,0.25,0.25],"texture":"#0"},"up":{"uv":[0,0,0.25,0.25],"texture":"#0"},"down":{"uv":[0,0,0.25,0.25],"texture":"#0"}}},{"name":"hexadecagon","from":[7.77125,9.4,6.85],"to":[8.22875,11.3,9.15],"rotation":{"angle":45,"axis":"y","origin":[8,10.3,8]},"faces":{"north":{"uv":[0,0,0.25,0.25],"texture":"#0"},"east":{"uv":[0,0,0.25,0.25],"texture":"#0"},"south":{"uv":[0,0,0.25,0.25],"texture":"#0"},"west":{"uv":[0,0,0.25,0.25],"texture":"#0"},"up":{"uv":[0,0,0.25,0.25],"texture":"#0"},"down":{"uv":[0,0,0.25,0.25],"texture":"#0"}}},{"name":"hexadecagon","from":[6.85,9.4,7.77125],"to":[9.15,11.3,8.22875],"rotation":{"angle":-22.5,"axis":"y","origin":[8,10.3,8]},"faces":{"north":{"uv":[0,0,0.25,0.25],"texture":"#0"},"east":{"uv":[0,0,0.25,0.25],"texture":"#0"},"south":{"uv":[0,0,0.25,0.25],"texture":"#0"},"west":{"uv":[0,0,0.25,0.25],"texture":"#0"},"up":{"uv":[0,0,0.25,0.25],"texture":"#0"},"down":{"uv":[0,0,0.25,0.25],"texture":"#0"}}},{"name":"hexadecagon","from":[6.85,9.4,7.77125],"to":[9.15,11.3,8.22875],"faces":{"north":{"uv":[0,0,0.25,0.25],"texture":"#0"},"east":{"uv":[0,0,0.25,0.25],"texture":"#0"},"south":{"uv":[0,0,0.25,0.25],"texture":"#0"},"west":{"uv":[0,0,0.25,0.25],"texture":"#0"},"up":{"uv":[0,0,0.25,0.25],"texture":"#0"},"down":{"uv":[0,0,0.25,0.25],"texture":"#0"}}},{"name":"hexadecagon","from":[6.85,9.4,7.77125],"to":[9.15,11.3,8.22875],"rotation":{"angle":22.5,"axis":"y","origin":[8,10.3,8]},"faces":{"north":{"uv":[0,0,0.25,0.25],"texture":"#0"},"east":{"uv":[0,0,0.25,0.25],"texture":"#0"},"south":{"uv":[0,0,0.25,0.25],"texture":"#0"},"west":{"uv":[0,0,0.25,0.25],"texture":"#0"},"up":{"uv":[0,0,0.25,0.25],"texture":"#0"},"down":{"uv":[0,0,0.25,0.25],"texture":"#0"}}},{"name":"hexadecagon","from":[7.79114,11,6.95],"to":[8.20886,12.1,9.05],"rotation":{"angle":-45,"axis":"y","origin":[8,10.9,8]},"faces":{"north":{"uv":[0,0,0.25,0.25],"texture":"#0"},"east":{"uv":[0,0,0.25,0.25],"texture":"#0"},"south":{"uv":[0,0,0.25,0.25],"texture":"#0"},"west":{"uv":[0,0,0.25,0.25],"texture":"#0"},"up":{"uv":[0,0,0.25,0.25],"texture":"#0"},"down":{"uv":[0,0,0.25,0.25],"texture":"#0"}}},{"name":"hexadecagon","from":[7.79114,11,6.95],"to":[8.20886,12.1,9.05],"rotation":{"angle":-22.5,"axis":"y","origin":[8,10.9,8]},"faces":{"north":{"uv":[0,0,0.25,0.25],"texture":"#0"},"east":{"uv":[0,0,0.25,0.25],"texture":"#0"},"south":{"uv":[0,0,0.25,0.25],"texture":"#0"},"west":{"uv":[0,0,0.25,0.25],"texture":"#0"},"up":{"uv":[0,0,0.25,0.25],"texture":"#0"},"down":{"uv":[0,0,0.25,0.25],"texture":"#0"}}},{"name":"hexadecagon","from":[7.79114,11,6.95],"to":[8.20886,12.1,9.05],"faces":{"north":{"uv":[0,0,0.25,0.25],"texture":"#0"},"east":{"uv":[0,0,0.25,0.25],"texture":"#0"},"south":{"uv":[0,0,0.25,0.25],"texture":"#0"},"west":{"uv":[0,0,0.25,0.25],"texture":"#0"},"up":{"uv":[0,0,0.25,0.25],"texture":"#0"},"down":{"uv":[0,0,0.25,0.25],"texture":"#0"}}},{"name":"hexadecagon","from":[7.79114,11,6.95],"to":[8.20886,12.1,9.05],"rotation":{"angle":22.5,"axis":"y","origin":[8,10.9,8]},"faces":{"north":{"uv":[0,0,0.25,0.25],"texture":"#0"},"east":{"uv":[0,0,0.25,0.25],"texture":"#0"},"south":{"uv":[0,0,0.25,0.25],"texture":"#0"},"west":{"uv":[0,0,0.25,0.25],"texture":"#0"},"up":{"uv":[0,0,0.25,0.25],"texture":"#0"},"down":{"uv":[0,0,0.25,0.25],"texture":"#0"}}},{"name":"hexadecagon","from":[7.79114,11,6.95],"to":[8.20886,12.1,9.05],"rotation":{"angle":45,"axis":"y","origin":[8,10.9,8]},"faces":{"north":{"uv":[0,0,0.25,0.25],"texture":"#0"},"east":{"uv":[0,0,0.25,0.25],"texture":"#0"},"south":{"uv":[0,0,0.25,0.25],"texture":"#0"},"west":{"uv":[0,0,0.25,0.25],"texture":"#0"},"up":{"uv":[0,0,0.25,0.25],"texture":"#0"},"down":{"uv":[0,0,0.25,0.25],"texture":"#0"}}},{"name":"hexadecagon","from":[6.95,11,7.79114],"to":[9.05,12.1,8.20886],"rotation":{"angle":-22.5,"axis":"y","origin":[8,10.9,8]},"faces":{"north":{"uv":[0,0,0.25,0.25],"texture":"#0"},"east":{"uv":[0,0,0.25,0.25],"texture":"#0"},"south":{"uv":[0,0,0.25,0.25],"texture":"#0"},"west":{"uv":[0,0,0.25,0.25],"texture":"#0"},"up":{"uv":[0,0,0.25,0.25],"texture":"#0"},"down":{"uv":[0,0,0.25,0.25],"texture":"#0"}}},{"name":"hexadecagon","from":[6.95,11,7.79114],"to":[9.05,12.1,8.20886],"faces":{"north":{"uv":[0,0,0.25,0.25],"texture":"#0"},"east":{"uv":[0,0,0.25,0.25],"texture":"#0"},"south":{"uv":[0,0,0.25,0.25],"texture":"#0"},"west":{"uv":[0,0,0.25,0.25],"texture":"#0"},"up":{"uv":[0,0,0.25,0.25],"texture":"#0"},"down":{"uv":[0,0,0.25,0.25],"texture":"#0"}}},{"name":"hexadecagon","from":[6.95,11,7.79114],"to":[9.05,12.1,8.20886],"rotation":{"angle":22.5,"axis":"y","origin":[8,10.9,8]},"faces":{"north":{"uv":[0,0,0.25,0.25],"texture":"#0"},"east":{"uv":[0,0,0.25,0.25],"texture":"#0"},"south":{"uv":[0,0,0.25,0.25],"texture":"#0"},"west":{"uv":[0,0,0.25,0.25],"texture":"#0"},"up":{"uv":[0,0,0.25,0.25],"texture":"#0"},"down":{"uv":[0,0,0.25,0.25],"texture":"#0"}}},{"name":"hexadecagon","from":[7.7812,9.2,6.9],"to":[8.2188,11.8,9.1],"rotation":{"angle":-45,"axis":"y","origin":[8,9,8]},"faces":{"north":{"uv":[0.5,2.25,0.75,3],"texture":"#0"},"east":{"uv":[0,0,0.5,0.75],"texture":"#0"},"south":{"uv":[0.75,2.25,1,3],"texture":"#0"},"west":{"uv":[0.5,0,1,0.75],"texture":"#0"},"up":{"uv":[0.25,3.5,0,3],"texture":"#0"},"down":{"uv":[3.25,0,3,0.5],"texture":"#0"}}},{"name":"hexadecagon","from":[7.7812,9.2,6.9],"to":[8.2188,11.8,9.1],"rotation":{"angle":-22.5,"axis":"y","origin":[8,9,8]},"faces":{"north":{"uv":[1,2.25,1.25,3],"texture":"#0"},"east":{"uv":[0,0.75,0.5,1.5],"texture":"#0"},"south":{"uv":[1.25,2.25,1.5,3],"texture":"#0"},"west":{"uv":[0.5,0.75,1,1.5],"texture":"#0"},"up":{"uv":[0.5,3.5,0.25,3],"texture":"#0"},"down":{"uv":[0.75,3,0.5,3.5],"texture":"#0"}}},{"name":"hexadecagon","from":[7.7812,9.2,6.9],"to":[8.2188,11.8,9.1],"faces":{"north":{"uv":[1.5,2.25,1.75,3],"texture":"#0"},"east":{"uv":[1,0,1.5,0.75],"texture":"#0"},"south":{"uv":[1.75,2.25,2,3],"texture":"#0"},"west":{"uv":[1,0.75,1.5,1.5],"texture":"#0"},"up":{"uv":[3.25,1,3,0.5],"texture":"#0"},"down":{"uv":[1,3,0.75,3.5],"texture":"#0"}}},{"name":"hexadecagon","from":[7.7812,9.2,6.9],"to":[8.2188,11.8,9.1],"rotation":{"angle":22.5,"axis":"y","origin":[8,9,8]},"faces":{"north":{"uv":[2,2.25,2.25,3],"texture":"#0"},"east":{"uv":[0,1.5,0.5,2.25],"texture":"#0"},"south":{"uv":[2.25,2.25,2.5,3],"texture":"#0"},"west":{"uv":[1.5,0,2,0.75],"texture":"#0"},"up":{"uv":[1.25,3.5,1,3],"texture":"#0"},"down":{"uv":[3.25,1,3,1.5],"texture":"#0"}}},{"name":"hexadecagon","from":[7.7812,9.2,6.9],"to":[8.2188,11.8,9.1],"rotation":{"angle":45,"axis":"y","origin":[8,9,8]},"faces":{"north":{"uv":[2.5,0,2.75,0.75],"texture":"#0"},"east":{"uv":[0.5,1.5,1,2.25],"texture":"#0"},"south":{"uv":[2.5,0.75,2.75,1.5],"texture":"#0"},"west":{"uv":[1.5,0.75,2,1.5],"texture":"#0"},"up":{"uv":[1.5,3.5,1.25,3],"texture":"#0"},"down":{"uv":[1.75,3,1.5,3.5],"texture":"#0"}}},{"name":"hexadecagon","from":[6.9,9.2,7.7812],"to":[9.1,11.8,8.2188],"rotation":{"angle":-22.5,"axis":"y","origin":[8,9,8]},"faces":{"north":{"uv":[1,1.5,1.5,2.25],"texture":"#0"},"east":{"uv":[2.5,1.5,2.75,2.25],"texture":"#0"},"south":{"uv":[1.5,1.5,2,2.25],"texture":"#0"},"west":{"uv":[2.5,2.25,2.75,3],"texture":"#0"},"up":{"uv":[3.5,1.75,3,1.5],"texture":"#0"},"down":{"uv":[2.25,3,1.75,3.25],"texture":"#0"}}},{"name":"hexadecagon","from":[6.9,9.2,7.7812],"to":[9.1,11.8,8.2188],"faces":{"north":{"uv":[2,0,2.5,0.75],"texture":"#0"},"east":{"uv":[2.75,0,3,0.75],"texture":"#0"},"south":{"uv":[2,0.75,2.5,1.5],"texture":"#0"},"west":{"uv":[2.75,0.75,3,1.5],"texture":"#0"},"up":{"uv":[3.5,2,3,1.75],"texture":"#0"},"down":{"uv":[3.5,2,3,2.25],"texture":"#0"}}},{"name":"hexadecagon","from":[6.9,9.2,7.7812],"to":[9.1,11.8,8.2188],"rotation":{"angle":22.5,"axis":"y","origin":[8,9,8]},"faces":{"north":{"uv":[0,0,2,3],"texture":"#0"},"east":{"uv":[0,3,1,6],"texture":"#0"},"south":{"uv":[2,0,4,3],"texture":"#0"},"west":{"uv":[1,3,2,6],"texture":"#0"},"up":{"uv":[4,4,2,3],"texture":"#0"},"down":{"uv":[6,0,4,1],"texture":"#0"}}}],"display":{"thirdperson_righthand":{"translation":[0,2.25,0]},"thirdperson_lefthand":{"translation":[0,2.25,0]},"firstperson_righthand":{"translation":[0,2.75,0]},"firstperson_lefthand":{"translation":[0,2.75,0]},"gui":{"scale":[1.5,1.5,1.5]}}}