{"textures":{"0":"modelengine:entity/pair_g","particle":"#0"},"elements":[{"from":[8.059304,7.9880486,8.0],"to":[8.209304,7.998049,8.01],"faces":{"east":{"uv":[1.5,5.5,2.0,6.0],"tintindex":0,"rotation":0,"texture":"#0"},"south":{"uv":[5.5,1.5,6.0,2.0],"tintindex":0,"rotation":0,"texture":"#0"},"north":{"uv":[5.5,1.0,6.0,1.5],"tintindex":0,"rotation":0,"texture":"#0"},"west":{"uv":[2.0,5.5,2.5,6.0],"tintindex":0,"rotation":0,"texture":"#0"},"up":{"uv":[6.0,2.5,5.5,2.0],"tintindex":0,"rotation":0,"texture":"#0"},"down":{"uv":[3.0,5.5,2.5,6.0],"tintindex":0,"rotation":0,"texture":"#0"}}},{"from":[8.799304,7.885049,8.0],"to":[9.899304,8.005049,8.01],"faces":{"east":{"uv":[2.0,0.0,2.5,0.5],"tintindex":0,"rotation":0,"texture":"#0"},"south":{"uv":[0.5,2.0,1.0,2.5],"tintindex":0,"rotation":0,"texture":"#0"},"north":{"uv":[0.0,2.0,0.5,2.5],"tintindex":0,"rotation":0,"texture":"#0"},"west":{"uv":[2.0,0.5,2.5,1.0],"tintindex":0,"rotation":0,"texture":"#0"},"up":{"uv":[1.5,2.5,1.0,2.0],"tintindex":0,"rotation":0,"texture":"#0"},"down":{"uv":[2.5,1.0,2.0,1.5],"tintindex":0,"rotation":0,"texture":"#0"}}},{"from":[9.899304,7.7950487,8.0],"to":[10.949305,8.005049,8.01],"faces":{"east":{"uv":[5.0,2.0,5.5,2.5],"tintindex":0,"rotation":0,"texture":"#0"},"south":{"uv":[2.5,5.0,3.0,5.5],"tintindex":0,"rotation":0,"texture":"#0"},"north":{"uv":[2.0,5.0,2.5,5.5],"tintindex":0,"rotation":0,"texture":"#0"},"west":{"uv":[5.0,2.5,5.5,3.0],"tintindex":0,"rotation":0,"texture":"#0"},"up":{"uv":[3.5,5.5,3.0,5.0],"tintindex":0,"rotation":0,"texture":"#0"},"down":{"uv":[5.5,3.0,5.0,3.5],"tintindex":0,"rotation":0,"texture":"#0"}}},{"from":[8.359304,7.9470487,8.0],"to":[8.799304,7.9950485,8.01],"faces":{"east":{"uv":[5.0,3.5,5.5,4.0],"tintindex":0,"rotation":0,"texture":"#0"},"south":{"uv":[4.0,5.0,4.5,5.5],"tintindex":0,"rotation":0,"texture":"#0"},"north":{"uv":[3.5,5.0,4.0,5.5],"tintindex":0,"rotation":0,"texture":"#0"},"west":{"uv":[5.0,4.0,5.5,4.5],"tintindex":0,"rotation":0,"texture":"#0"},"up":{"uv":[5.0,5.5,4.5,5.0],"tintindex":0,"rotation":0,"texture":"#0"},"down":{"uv":[5.5,4.5,5.0,5.0],"tintindex":0,"rotation":0,"texture":"#0"}}},{"from":[8.159304,7.9750485,8.0],"to":[8.309304,7.9950485,8.01],"faces":{"east":{"uv":[0.0,5.5,0.5,6.0],"tintindex":0,"rotation":0,"texture":"#0"},"south":{"uv":[5.5,0.0,6.0,0.5],"tintindex":0,"rotation":0,"texture":"#0"},"north":{"uv":[5.0,5.0,5.5,5.5],"tintindex":0,"rotation":0,"texture":"#0"},"west":{"uv":[0.5,5.5,1.0,6.0],"tintindex":0,"rotation":0,"texture":"#0"},"up":{"uv":[6.0,1.0,5.5,0.5],"tintindex":0,"rotation":0,"texture":"#0"},"down":{"uv":[1.5,5.5,1.0,6.0],"tintindex":0,"rotation":0,"texture":"#0"}}}],"display":{"head":{"rotation":[-0.0,0.0,8.0]},"firstperson_righthand":{"rotation":[-0.0,0.0,8.0]},"thirdperson_lefthand":{"rotation":[-0.0,-0.0,-8.0]},"firstperson_lefthand":{"rotation":[-0.0,-0.0,-8.0]},"fixed":{"rotation":[-0.0,0.0,8.0]},"ground":{"rotation":[-0.0,0.0,8.0]},"thirdperson_righthand":{"rotation":[-0.0,0.0,8.0]},"gui":{"rotation":[-150.0,-45.0,-172.0]}}}