{"textures":{"0":"modelengine:entity/smallscreen","particle":"#0"},"elements":[{"from":[-9.142857,8.0,7.0],"to":[28.190477,8.952381,7.952381],"faces":{"east":{"uv":[6.765625,1.28125,6.921875,1.4375],"tintindex":0,"rotation":0,"texture":"#0"},"south":{"uv":[6.125,0.15625,12.25,0.3125],"tintindex":0,"rotation":0,"texture":"#0"},"north":{"uv":[6.125,0.0,12.25,0.15625],"tintindex":0,"rotation":0,"texture":"#0"},"west":{"uv":[6.765625,1.4375,6.921875,1.59375],"tintindex":0,"rotation":0,"texture":"#0"},"up":{"uv":[12.25,0.46875,6.125,0.3125],"tintindex":0,"rotation":0,"texture":"#0"},"down":{"uv":[12.25,0.46875,6.125,0.625],"tintindex":0,"rotation":0,"texture":"#0"}}},{"from":[-9.142857,8.0,7.952381],"to":[28.190477,31.619047,8.047619],"faces":{"east":{"uv":[6.75,1.28125,6.765625,5.15625],"tintindex":0,"rotation":0,"texture":"#0"},"south":{"uv":[0.0,3.875,6.125,7.75],"tintindex":0,"rotation":0,"texture":"#0"},"north":{"uv":[0.0,0.0,6.125,3.875],"tintindex":0,"rotation":0,"texture":"#0"},"west":{"uv":[6.75,5.15625,6.765625,9.03125],"tintindex":0,"rotation":0,"texture":"#0"},"up":{"uv":[12.875,1.265625,6.75,1.25],"tintindex":0,"rotation":0,"texture":"#0"},"down":{"uv":[12.875,1.265625,6.75,1.28125],"tintindex":0,"rotation":0,"texture":"#0"}}},{"from":[27.238096,8.952381,7.0],"to":[28.190477,30.666668,7.952381],"faces":{"east":{"uv":[6.4375,4.8125,6.59375,8.375],"tintindex":0,"rotation":0,"texture":"#0"},"south":{"uv":[6.59375,1.25,6.75,4.8125],"tintindex":0,"rotation":0,"texture":"#0"},"north":{"uv":[6.4375,1.25,6.59375,4.8125],"tintindex":0,"rotation":0,"texture":"#0"},"west":{"uv":[6.59375,4.8125,6.75,8.375],"tintindex":0,"rotation":0,"texture":"#0"},"up":{"uv":[6.921875,2.375,6.765625,2.21875],"tintindex":0,"rotation":0,"texture":"#0"},"down":{"uv":[6.921875,2.375,6.765625,2.53125],"tintindex":0,"rotation":0,"texture":"#0"}}},{"from":[-9.142857,8.952381,7.0],"to":[-8.190477,30.666668,7.952381],"faces":{"east":{"uv":[6.125,4.8125,6.28125,8.375],"tintindex":0,"rotation":0,"texture":"#0"},"south":{"uv":[6.28125,1.25,6.4375,4.8125],"tintindex":0,"rotation":0,"texture":"#0"},"north":{"uv":[6.125,1.25,6.28125,4.8125],"tintindex":0,"rotation":0,"texture":"#0"},"west":{"uv":[6.28125,4.8125,6.4375,8.375],"tintindex":0,"rotation":0,"texture":"#0"},"up":{"uv":[6.921875,2.0625,6.765625,1.90625],"tintindex":0,"rotation":0,"texture":"#0"},"down":{"uv":[6.921875,2.0625,6.765625,2.21875],"tintindex":0,"rotation":0,"texture":"#0"}}},{"from":[-9.142857,30.666668,7.0],"to":[28.190477,31.619047,7.952381],"faces":{"east":{"uv":[6.765625,1.59375,6.921875,1.75],"tintindex":0,"rotation":0,"texture":"#0"},"south":{"uv":[6.125,0.78125,12.25,0.9375],"tintindex":0,"rotation":0,"texture":"#0"},"north":{"uv":[6.125,0.625,12.25,0.78125],"tintindex":0,"rotation":0,"texture":"#0"},"west":{"uv":[6.765625,1.75,6.921875,1.90625],"tintindex":0,"rotation":0,"texture":"#0"},"up":{"uv":[12.25,1.09375,6.125,0.9375],"tintindex":0,"rotation":0,"texture":"#0"},"down":{"uv":[12.25,1.09375,6.125,1.25],"tintindex":0,"rotation":0,"texture":"#0"}}}],"display":{"head":{"rotation":[0.0,0.0,0.0]},"firstperson_righthand":{"rotation":[0.0,0.0,0.0]},"thirdperson_lefthand":{"rotation":[0.0,-0.0,-0.0]},"firstperson_lefthand":{"rotation":[0.0,-0.0,-0.0]},"fixed":{"rotation":[0.0,0.0,0.0]},"ground":{"rotation":[0.0,0.0,0.0]},"thirdperson_righthand":{"rotation":[0.0,0.0,0.0]},"gui":{"rotation":[-150.0,-45.0,180.0]}}}