{"1":{"sounds":[{"name":"talk/1"}]},"2":{"sounds":[{"name":"talk/2"}]},"3":{"sounds":[{"name":"talk/3"}]},"4":{"sounds":[{"name":"talk/4"}]},"5":{"sounds":[{"name":"talk/5"}]},"block.wood.break":{"sounds":[],"replace":true,"subtitle":"subtitles.block.generic.break"},"block.wood.fall":{"sounds":[],"replace":true},"block.wood.hit":{"sounds":[],"replace":true,"subtitle":"subtitles.block.generic.hit"},"block.wood.place":{"sounds":[],"replace":true,"subtitle":"subtitles.block.generic.place"},"block.wood.step":{"sounds":[],"replace":true,"subtitle":"subtitles.block.generic.footsteps"},"block.stone.break":{"sounds":[],"replace":true,"subtitle":"subtitles.block.generic.break"},"block.stone.fall":{"sounds":[],"replace":true},"block.stone.hit":{"sounds":[],"replace":true,"subtitle":"subtitles.block.generic.hit"},"block.stone.place":{"sounds":[],"replace":true,"subtitle":"subtitles.block.generic.place"},"block.stone.step":{"sounds":[],"replace":true,"subtitle":"subtitles.block.generic.footsteps"},"internal.block.wood.break":{"sounds":["dig/wood1","dig/wood2","dig/wood3","dig/wood4"],"subtitle":"subtitles.block.generic.break"},"internal.block.wood.fall":{"sounds":["step/wood1","step/wood2","step/wood3","step/wood4","step/wood5","step/wood6"]},"internal.block.wood.hit":{"sounds":["step/wood1","step/wood2","step/wood3","step/wood4","step/wood5","step/wood6"],"subtitle":"subtitles.block.generic.hit"},"internal.block.wood.place":{"sounds":["dig/wood1","dig/wood2","dig/wood3","dig/wood4"],"subtitle":"subtitles.block.generic.place"},"internal.block.wood.step":{"sounds":["step/wood1","step/wood2","step/wood3","step/wood4","step/wood5","step/wood6"],"subtitle":"subtitles.block.generic.footsteps"},"internal.block.stone.break":{"sounds":["dig/stone1","dig/stone2","dig/stone3","dig/stone4"],"subtitle":"subtitles.block.generic.break"},"internal.block.stone.fall":{"sounds":["step/stone1","step/stone2","step/stone3","step/stone4","step/stone5","step/stone6"]},"internal.block.stone.hit":{"sounds":["step/stone1","step/stone2","step/stone3","step/stone4","step/stone5","step/stone6"],"subtitle":"subtitles.block.generic.hit"},"internal.block.stone.place":{"sounds":["dig/stone1","dig/stone2","dig/stone3","dig/stone4"],"subtitle":"subtitles.block.generic.place"},"internal.block.stone.step":{"sounds":["step/stone1","step/stone2","step/stone3","step/stone4","step/stone5","step/stone6"],"subtitle":"subtitles.block.generic.footsteps"}}