{"textures":{"0":"modelengine:entity/pair_g","particle":"#0"},"elements":[{"from":[9.899304,7.7950487,7.99],"to":[10.949305,8.005049,8.0],"faces":{"east":{"uv":[8.0,1.0,8.5,1.5],"tintindex":0,"rotation":0,"texture":"#0"},"south":{"uv":[1.5,8.0,2.0,8.5],"tintindex":0,"rotation":0,"texture":"#0"},"north":{"uv":[1.0,8.0,1.5,8.5],"tintindex":0,"rotation":0,"texture":"#0"},"west":{"uv":[8.0,1.5,8.5,2.0],"tintindex":0,"rotation":0,"texture":"#0"},"up":{"uv":[2.5,8.5,2.0,8.0],"tintindex":0,"rotation":0,"texture":"#0"},"down":{"uv":[8.5,2.0,8.0,2.5],"tintindex":0,"rotation":0,"texture":"#0"}}},{"from":[8.799304,7.885049,7.99],"to":[9.899304,8.005049,8.0],"faces":{"east":{"uv":[8.0,2.5,8.5,3.0],"tintindex":0,"rotation":0,"texture":"#0"},"south":{"uv":[3.0,8.0,3.5,8.5],"tintindex":0,"rotation":0,"texture":"#0"},"north":{"uv":[2.5,8.0,3.0,8.5],"tintindex":0,"rotation":0,"texture":"#0"},"west":{"uv":[8.0,3.0,8.5,3.5],"tintindex":0,"rotation":0,"texture":"#0"},"up":{"uv":[4.0,8.5,3.5,8.0],"tintindex":0,"rotation":0,"texture":"#0"},"down":{"uv":[8.5,3.5,8.0,4.0],"tintindex":0,"rotation":0,"texture":"#0"}}},{"from":[8.359304,7.9470487,7.99],"to":[8.799304,7.9950485,8.0],"faces":{"east":{"uv":[8.0,4.0,8.5,4.5],"tintindex":0,"rotation":0,"texture":"#0"},"south":{"uv":[4.5,8.0,5.0,8.5],"tintindex":0,"rotation":0,"texture":"#0"},"north":{"uv":[4.0,8.0,4.5,8.5],"tintindex":0,"rotation":0,"texture":"#0"},"west":{"uv":[8.0,4.5,8.5,5.0],"tintindex":0,"rotation":0,"texture":"#0"},"up":{"uv":[5.5,8.5,5.0,8.0],"tintindex":0,"rotation":0,"texture":"#0"},"down":{"uv":[8.5,5.0,8.0,5.5],"tintindex":0,"rotation":0,"texture":"#0"}}},{"from":[8.159304,7.9750485,7.99],"to":[8.309304,7.9950485,8.0],"faces":{"east":{"uv":[8.0,5.5,8.5,6.0],"tintindex":0,"rotation":0,"texture":"#0"},"south":{"uv":[6.0,8.0,6.5,8.5],"tintindex":0,"rotation":0,"texture":"#0"},"north":{"uv":[5.5,8.0,6.0,8.5],"tintindex":0,"rotation":0,"texture":"#0"},"west":{"uv":[8.0,6.0,8.5,6.5],"tintindex":0,"rotation":0,"texture":"#0"},"up":{"uv":[7.0,8.5,6.5,8.0],"tintindex":0,"rotation":0,"texture":"#0"},"down":{"uv":[8.5,6.5,8.0,7.0],"tintindex":0,"rotation":0,"texture":"#0"}}},{"from":[8.059304,7.9880486,7.99],"to":[8.209304,7.998049,8.0],"faces":{"east":{"uv":[8.0,7.0,8.5,7.5],"tintindex":0,"rotation":0,"texture":"#0"},"south":{"uv":[7.5,8.0,8.0,8.5],"tintindex":0,"rotation":0,"texture":"#0"},"north":{"uv":[7.0,8.0,7.5,8.5],"tintindex":0,"rotation":0,"texture":"#0"},"west":{"uv":[8.0,7.5,8.5,8.0],"tintindex":0,"rotation":0,"texture":"#0"},"up":{"uv":[8.5,8.5,8.0,8.0],"tintindex":0,"rotation":0,"texture":"#0"},"down":{"uv":[0.5,8.5,0.0,9.0],"tintindex":0,"rotation":0,"texture":"#0"}}}],"display":{"head":{"rotation":[-0.0,0.0,8.0]},"firstperson_righthand":{"rotation":[-0.0,0.0,8.0]},"thirdperson_lefthand":{"rotation":[-0.0,-0.0,-8.0]},"firstperson_lefthand":{"rotation":[-0.0,-0.0,-8.0]},"fixed":{"rotation":[-0.0,0.0,8.0]},"ground":{"rotation":[-0.0,0.0,8.0]},"thirdperson_righthand":{"rotation":[-0.0,0.0,8.0]},"gui":{"rotation":[-150.0,-45.0,-172.0]}}}