{"overrides":[{"predicate":{"custom_model_data":1},"model":"modelengine:mc/body"},{"predicate":{"custom_model_data":2},"model":"modelengine:pair_y/r2/1"},{"predicate":{"custom_model_data":3},"model":"modelengine:pair_y/r2"},{"predicate":{"custom_model_data":4},"model":"modelengine:pair_y/r1"},{"predicate":{"custom_model_data":5},"model":"modelengine:speaker_java/hexadecagon"},{"predicate":{"custom_model_data":6},"model":"modelengine:speaker_java/bone"},{"predicate":{"custom_model_data":7},"model":"modelengine:speaker_java/hexadecagon2"},{"predicate":{"custom_model_data":8},"model":"modelengine:bell2/body2"},{"predicate":{"custom_model_data":9},"model":"modelengine:bell2/body"},{"predicate":{"custom_model_data":10},"model":"modelengine:bigscreen/bone"},{"predicate":{"custom_model_data":11},"model":"modelengine:smallscreen/bone"},{"predicate":{"custom_model_data":12},"model":"modelengine:whiteboard/bone"},{"predicate":{"custom_model_data":13},"model":"modelengine:linearray/bone"},{"predicate":{"custom_model_data":14},"model":"modelengine:pair_y/r1/1"},{"predicate":{"custom_model_data":15},"model":"modelengine:wallspeaker/2"},{"predicate":{"custom_model_data":16},"model":"modelengine:boardplate/bone"},{"predicate":{"custom_model_data":17},"model":"modelengine:remover/bone"},{"predicate":{"custom_model_data":18},"model":"modelengine:boardmakar/hexadecagon2"},{"predicate":{"custom_model_data":19},"model":"modelengine:boardmakar/hexadecagon4"},{"predicate":{"custom_model_data":20},"model":"modelengine:boardmakar/hexadecagon"},{"predicate":{"custom_model_data":21},"model":"modelengine:boardmakar/8839421e-3f54-c753-cead-7eede56aef90"},{"predicate":{"custom_model_data":22},"model":"modelengine:boardmakar/hexadecagon3"},{"predicate":{"custom_model_data":23},"model":"modelengine:boardmakar/1960bae7-9717-e670-30d3-ebcfbfae0e9d"},{"predicate":{"custom_model_data":24},"model":"modelengine:pair_r/r2"},{"predicate":{"custom_model_data":25},"model":"modelengine:pair_r/r2/1"},{"predicate":{"custom_model_data":26},"model":"modelengine:pair_y/l1"},{"predicate":{"custom_model_data":27},"model":"modelengine:pair_y/l1/1"},{"predicate":{"custom_model_data":28},"model":"modelengine:pair_r/r1"},{"predicate":{"custom_model_data":29},"model":"modelengine:pair_r/r1/1"},{"predicate":{"custom_model_data":30},"model":"modelengine:pair_y/l2"},{"predicate":{"custom_model_data":31},"model":"modelengine:pair_y/l2/1"},{"predicate":{"custom_model_data":32},"model":"modelengine:pair_r/l1/1"},{"predicate":{"custom_model_data":33},"model":"modelengine:pair_r/l1"},{"predicate":{"custom_model_data":34},"model":"modelengine:pair_r/l2"},{"predicate":{"custom_model_data":35},"model":"modelengine:pair_r/l2/1"},{"predicate":{"custom_model_data":36},"model":"modelengine:pair_g/r2"},{"predicate":{"custom_model_data":37},"model":"modelengine:pair_g/r2/1"},{"predicate":{"custom_model_data":38},"model":"modelengine:pair_g/r1"},{"predicate":{"custom_model_data":39},"model":"modelengine:pair_g/r1/1"},{"predicate":{"custom_model_data":40},"model":"modelengine:pair_g/l1"},{"predicate":{"custom_model_data":41},"model":"modelengine:pair_g/l1/1"},{"predicate":{"custom_model_data":42},"model":"modelengine:pair_g/l2"},{"predicate":{"custom_model_data":43},"model":"modelengine:pair_g/l2/1"},{"predicate":{"custom_model_data":44},"model":"modelengine:pair_b/r2/1"},{"predicate":{"custom_model_data":45},"model":"modelengine:pair_b/r2"},{"predicate":{"custom_model_data":46},"model":"modelengine:pair_b/r1/1"},{"predicate":{"custom_model_data":47},"model":"modelengine:pair_b/r1"},{"predicate":{"custom_model_data":48},"model":"modelengine:pair_b/l1"},{"predicate":{"custom_model_data":49},"model":"modelengine:pair_b/l1/1"},{"predicate":{"custom_model_data":50},"model":"modelengine:pair_b/l2"},{"predicate":{"custom_model_data":51},"model":"modelengine:pair_b/l2/1"}],"parent":"minecraft:item/generated","textures":{"layer0":"minecraft:item/leather_horse_armor"}}