{"textures":{"0":"modelengine:entity/pair_r","particle":"#0"},"elements":[{"from":[8.2,7.995,7.99],"to":[8.3,8.025,8.0],"faces":{"east":{"uv":[6.5,8.5,7.0,9.0],"tintindex":0,"rotation":0,"texture":"#0"},"south":{"uv":[8.5,6.5,9.0,7.0],"tintindex":0,"rotation":0,"texture":"#0"},"north":{"uv":[8.5,6.0,9.0,6.5],"tintindex":0,"rotation":0,"texture":"#0"},"west":{"uv":[7.0,8.5,7.5,9.0],"tintindex":0,"rotation":0,"texture":"#0"},"up":{"uv":[9.0,7.5,8.5,7.0],"tintindex":0,"rotation":0,"texture":"#0"},"down":{"uv":[8.0,8.5,7.5,9.0],"tintindex":0,"rotation":0,"texture":"#0"}}},{"from":[8.7,7.995,7.99],"to":[9.5,8.095,8.0],"faces":{"east":{"uv":[3.5,8.5,4.0,9.0],"tintindex":0,"rotation":0,"texture":"#0"},"south":{"uv":[8.5,3.5,9.0,4.0],"tintindex":0,"rotation":0,"texture":"#0"},"north":{"uv":[8.5,3.0,9.0,3.5],"tintindex":0,"rotation":0,"texture":"#0"},"west":{"uv":[4.0,8.5,4.5,9.0],"tintindex":0,"rotation":0,"texture":"#0"},"up":{"uv":[9.0,4.5,8.5,4.0],"tintindex":0,"rotation":0,"texture":"#0"},"down":{"uv":[5.0,8.5,4.5,9.0],"tintindex":0,"rotation":0,"texture":"#0"}}},{"from":[9.5,7.995,7.99],"to":[10.9,8.205,8.0],"faces":{"east":{"uv":[2.0,8.5,2.5,9.0],"tintindex":0,"rotation":0,"texture":"#0"},"south":{"uv":[8.5,2.0,9.0,2.5],"tintindex":0,"rotation":0,"texture":"#0"},"north":{"uv":[8.5,1.5,9.0,2.0],"tintindex":0,"rotation":0,"texture":"#0"},"west":{"uv":[2.5,8.5,3.0,9.0],"tintindex":0,"rotation":0,"texture":"#0"},"up":{"uv":[9.0,3.0,8.5,2.5],"tintindex":0,"rotation":0,"texture":"#0"},"down":{"uv":[3.5,8.5,3.0,9.0],"tintindex":0,"rotation":0,"texture":"#0"}}},{"from":[8.3,7.995,7.99],"to":[8.7,8.046,8.0],"faces":{"east":{"uv":[5.0,8.5,5.5,9.0],"tintindex":0,"rotation":0,"texture":"#0"},"south":{"uv":[8.5,5.0,9.0,5.5],"tintindex":0,"rotation":0,"texture":"#0"},"north":{"uv":[8.5,4.5,9.0,5.0],"tintindex":0,"rotation":0,"texture":"#0"},"west":{"uv":[5.5,8.5,6.0,9.0],"tintindex":0,"rotation":0,"texture":"#0"},"up":{"uv":[9.0,6.0,8.5,5.5],"tintindex":0,"rotation":0,"texture":"#0"},"down":{"uv":[6.5,8.5,6.0,9.0],"tintindex":0,"rotation":0,"texture":"#0"}}},{"from":[8.1,7.995,7.99],"to":[8.2,8.015,8.0],"faces":{"east":{"uv":[8.0,8.5,8.5,9.0],"tintindex":0,"rotation":0,"texture":"#0"},"south":{"uv":[8.5,8.0,9.0,8.5],"tintindex":0,"rotation":0,"texture":"#0"},"north":{"uv":[8.5,7.5,9.0,8.0],"tintindex":0,"rotation":0,"texture":"#0"},"west":{"uv":[8.5,8.5,9.0,9.0],"tintindex":0,"rotation":0,"texture":"#0"},"up":{"uv":[0.5,9.5,0.0,9.0],"tintindex":0,"rotation":0,"texture":"#0"},"down":{"uv":[9.5,0.0,9.0,0.5],"tintindex":0,"rotation":0,"texture":"#0"}}},{"from":[8.0,7.995,7.99],"to":[8.2,8.005,8.0],"faces":{"east":{"uv":[9.0,0.5,9.5,1.0],"tintindex":0,"rotation":0,"texture":"#0"},"south":{"uv":[1.0,9.0,1.5,9.5],"tintindex":0,"rotation":0,"texture":"#0"},"north":{"uv":[0.5,9.0,1.0,9.5],"tintindex":0,"rotation":0,"texture":"#0"},"west":{"uv":[9.0,1.0,9.5,1.5],"tintindex":0,"rotation":0,"texture":"#0"},"up":{"uv":[2.0,9.5,1.5,9.0],"tintindex":0,"rotation":0,"texture":"#0"},"down":{"uv":[9.5,1.5,9.0,2.0],"tintindex":0,"rotation":0,"texture":"#0"}}},{"from":[10.9,7.995,7.99],"to":[10.97,8.412,8.0],"faces":{"east":{"uv":[0.5,8.5,1.0,9.0],"tintindex":0,"rotation":0,"texture":"#0"},"south":{"uv":[8.5,0.5,9.0,1.0],"tintindex":0,"rotation":0,"texture":"#0"},"north":{"uv":[8.5,0.0,9.0,0.5],"tintindex":0,"rotation":0,"texture":"#0"},"west":{"uv":[1.0,8.5,1.5,9.0],"tintindex":0,"rotation":0,"texture":"#0"},"up":{"uv":[9.0,1.5,8.5,1.0],"tintindex":0,"rotation":0,"texture":"#0"},"down":{"uv":[2.0,8.5,1.5,9.0],"tintindex":0,"rotation":0,"texture":"#0"}}}],"display":{"head":{"rotation":[0.0,0.0,0.0]},"firstperson_righthand":{"rotation":[0.0,0.0,0.0]},"thirdperson_lefthand":{"rotation":[0.0,-0.0,-0.0]},"firstperson_lefthand":{"rotation":[0.0,-0.0,-0.0]},"fixed":{"rotation":[0.0,0.0,0.0]},"ground":{"rotation":[0.0,0.0,0.0]},"thirdperson_righthand":{"rotation":[0.0,0.0,0.0]},"gui":{"rotation":[-150.0,-45.0,180.0]}}}