{"textures":{"0":"modelengine:entity/pair_r","particle":"#0"},"elements":[{"from":[8.1,7.995,7.96],"to":[8.3,8.005,8.01],"faces":{"east":{"uv":[4.0,4.5,4.5,5.0],"tintindex":0,"rotation":0,"texture":"#0"},"south":{"uv":[4.5,4.0,5.0,4.5],"tintindex":0,"rotation":0,"texture":"#0"},"north":{"uv":[4.5,3.5,5.0,4.0],"tintindex":0,"rotation":0,"texture":"#0"},"west":{"uv":[4.5,4.5,5.0,5.0],"tintindex":0,"rotation":0,"texture":"#0"},"up":{"uv":[0.5,5.5,0.0,5.0],"tintindex":0,"rotation":0,"texture":"#0"},"down":{"uv":[5.5,0.0,5.0,0.5],"tintindex":0,"rotation":0,"texture":"#0"}},"rotation":{"origin":[8.0,7.995,8.01],"angle":-22.5,"axis":"y"}},{"from":[8.3,7.995,7.9],"to":[8.45,8.005,8.01],"faces":{"east":{"uv":[4.0,3.5,4.5,4.0],"tintindex":0,"rotation":0,"texture":"#0"},"south":{"uv":[4.0,4.0,4.5,4.5],"tintindex":0,"rotation":0,"texture":"#0"},"north":{"uv":[3.5,4.0,4.0,4.5],"tintindex":0,"rotation":0,"texture":"#0"},"west":{"uv":[0.0,4.5,0.5,5.0],"tintindex":0,"rotation":0,"texture":"#0"},"up":{"uv":[5.0,0.5,4.5,0.0],"tintindex":0,"rotation":0,"texture":"#0"},"down":{"uv":[1.0,4.5,0.5,5.0],"tintindex":0,"rotation":0,"texture":"#0"}},"rotation":{"origin":[8.0,7.995,8.01],"angle":-22.5,"axis":"y"}},{"from":[8.8,7.995,7.7],"to":[10.95,8.005,8.01],"faces":{"east":{"uv":[1.5,4.0,2.0,4.5],"tintindex":0,"rotation":0,"texture":"#0"},"south":{"uv":[0.0,0.5,1.0,1.0],"tintindex":0,"rotation":0,"texture":"#0"},"north":{"uv":[0.0,0.0,1.0,0.5],"tintindex":0,"rotation":0,"texture":"#0"},"west":{"uv":[4.0,1.5,4.5,2.0],"tintindex":0,"rotation":0,"texture":"#0"},"up":{"uv":[1.0,1.5,0.0,1.0],"tintindex":0,"rotation":0,"texture":"#0"},"down":{"uv":[2.0,0.0,1.0,0.5],"tintindex":0,"rotation":0,"texture":"#0"}},"rotation":{"origin":[8.0,7.995,8.01],"angle":-22.5,"axis":"y"}},{"from":[8.45,7.995,7.83],"to":[8.8,8.005,8.01],"faces":{"east":{"uv":[4.0,2.0,4.5,2.5],"tintindex":0,"rotation":0,"texture":"#0"},"south":{"uv":[2.5,4.0,3.0,4.5],"tintindex":0,"rotation":0,"texture":"#0"},"north":{"uv":[2.0,4.0,2.5,4.5],"tintindex":0,"rotation":0,"texture":"#0"},"west":{"uv":[4.0,2.5,4.5,3.0],"tintindex":0,"rotation":0,"texture":"#0"},"up":{"uv":[3.5,4.5,3.0,4.0],"tintindex":0,"rotation":0,"texture":"#0"},"down":{"uv":[4.5,3.0,4.0,3.5],"tintindex":0,"rotation":0,"texture":"#0"}},"rotation":{"origin":[8.0,7.995,8.01],"angle":-22.5,"axis":"y"}},{"from":[10.329,7.995,8.05],"to":[11.0,8.005,8.95],"faces":{"east":{"uv":[0.5,5.0,1.0,5.5],"tintindex":0,"rotation":0,"texture":"#0"},"south":{"uv":[5.0,0.5,5.5,1.0],"tintindex":0,"rotation":0,"texture":"#0"},"north":{"uv":[5.0,1.0,5.5,1.5],"tintindex":0,"rotation":0,"texture":"#0"},"west":{"uv":[1.0,5.0,1.5,5.5],"tintindex":0,"rotation":0,"texture":"#0"},"up":{"uv":[2.0,5.5,1.5,5.0],"tintindex":0,"rotation":90,"texture":"#0"},"down":{"uv":[5.5,1.5,5.0,2.0],"tintindex":0,"rotation":270,"texture":"#0"}},"rotation":{"origin":[11.0,7.995,8.05],"angle":22.5,"axis":"y"}},{"from":[8.05,7.995,7.98],"to":[8.1,8.005,8.01],"faces":{"east":{"uv":[2.5,4.5,3.0,5.0],"tintindex":0,"rotation":0,"texture":"#0"},"south":{"uv":[4.5,2.5,5.0,3.0],"tintindex":0,"rotation":0,"texture":"#0"},"north":{"uv":[4.5,2.0,5.0,2.5],"tintindex":0,"rotation":0,"texture":"#0"},"west":{"uv":[3.0,4.5,3.5,5.0],"tintindex":0,"rotation":0,"texture":"#0"},"up":{"uv":[5.0,3.5,4.5,3.0],"tintindex":0,"rotation":0,"texture":"#0"},"down":{"uv":[4.0,4.5,3.5,5.0],"tintindex":0,"rotation":0,"texture":"#0"}},"rotation":{"origin":[8.0,7.995,8.01],"angle":-22.5,"axis":"y"}},{"from":[8.0,7.995,8.0],"to":[8.05,8.005,8.01],"faces":{"east":{"uv":[1.0,4.5,1.5,5.0],"tintindex":0,"rotation":0,"texture":"#0"},"south":{"uv":[4.5,1.0,5.0,1.5],"tintindex":0,"rotation":0,"texture":"#0"},"north":{"uv":[4.5,0.5,5.0,1.0],"tintindex":0,"rotation":0,"texture":"#0"},"west":{"uv":[1.5,4.5,2.0,5.0],"tintindex":0,"rotation":0,"texture":"#0"},"up":{"uv":[5.0,2.0,4.5,1.5],"tintindex":0,"rotation":0,"texture":"#0"},"down":{"uv":[2.5,4.5,2.0,5.0],"tintindex":0,"rotation":0,"texture":"#0"}},"rotation":{"origin":[8.0,7.995,8.01],"angle":-22.5,"axis":"y"}}],"display":{"head":{"rotation":[0.0,0.0,0.0]},"firstperson_righthand":{"rotation":[0.0,0.0,0.0]},"thirdperson_lefthand":{"rotation":[0.0,-0.0,-0.0]},"firstperson_lefthand":{"rotation":[0.0,-0.0,-0.0]},"fixed":{"rotation":[0.0,0.0,0.0]},"ground":{"rotation":[0.0,0.0,0.0]},"thirdperson_righthand":{"rotation":[0.0,0.0,0.0]},"gui":{"rotation":[-150.0,-45.0,180.0]}}}