{"textures":{"0":"modelengine:entity/wallspeaker1","1":"modelengine:entity/wallspeaker2","particle":"#0"},"elements":[{"from":[6.0,-12.0,2.0],"to":[20.0,12.0,16.0],"faces":{"east":{"uv":[3.5,0.0,7.0,6.0],"tintindex":0,"rotation":0,"texture":"#0"},"south":{"uv":[0.0,6.0,3.5,12.0],"tintindex":0,"rotation":0,"texture":"#0"},"north":{"uv":[0.0,0.0,3.5,6.0],"tintindex":0,"rotation":0,"texture":"#0"},"west":{"uv":[3.5,6.0,7.0,12.0],"tintindex":0,"rotation":0,"texture":"#0"},"up":{"uv":[10.5,3.5,7.0,0.0],"tintindex":0,"rotation":0,"texture":"#0"},"down":{"uv":[10.5,3.5,7.0,7.0],"tintindex":0,"rotation":0,"texture":"#0"}},"rotation":{"origin":[5.0,-12.0,1.0],"angle":-22.5,"axis":"x"}},{"from":[17.0,-4.0,13.0],"to":[19.0,-2.0,20.0],"faces":{"east":{"uv":[0.0,0.0,1.75,0.5],"tintindex":0,"rotation":0,"texture":"#1"},"south":{"uv":[0.0,0.0,0.5,0.5],"tintindex":0,"rotation":0,"texture":"#1"},"north":{"uv":[0.0,0.0,0.5,0.5],"tintindex":0,"rotation":0,"texture":"#1"},"west":{"uv":[0.0,0.0,1.75,0.5],"tintindex":0,"rotation":0,"texture":"#1"},"up":{"uv":[0.0,0.0,0.5,1.75],"tintindex":0,"rotation":0,"texture":"#1"},"down":{"uv":[0.0,0.0,0.5,1.75],"tintindex":0,"rotation":0,"texture":"#1"}}},{"from":[8.0,8.0,8.0],"to":[10.0,10.0,20.0],"faces":{"east":{"uv":[0.0,0.0,3.0,0.5],"tintindex":0,"rotation":0,"texture":"#1"},"south":{"uv":[1.0,1.5,1.5,2.0],"tintindex":0,"rotation":0,"texture":"#1"},"north":{"uv":[1.0,1.0,1.5,1.5],"tintindex":0,"rotation":0,"texture":"#1"},"west":{"uv":[0.0,0.5,3.0,1.0],"tintindex":0,"rotation":0,"texture":"#1"},"up":{"uv":[0.5,4.0,0.0,1.0],"tintindex":0,"rotation":0,"texture":"#1"},"down":{"uv":[1.0,1.0,0.5,4.0],"tintindex":0,"rotation":0,"texture":"#1"}}},{"from":[17.0,8.0,8.0],"to":[19.0,10.0,20.0],"faces":{"east":{"uv":[0.0,0.0,3.0,0.5],"tintindex":0,"rotation":0,"texture":"#1"},"south":{"uv":[0.0,0.0,0.5,0.5],"tintindex":0,"rotation":0,"texture":"#1"},"north":{"uv":[0.0,0.0,0.5,0.5],"tintindex":0,"rotation":0,"texture":"#1"},"west":{"uv":[0.0,0.0,3.0,0.5],"tintindex":0,"rotation":0,"texture":"#1"},"up":{"uv":[0.0,0.0,0.5,3.0],"tintindex":0,"rotation":0,"texture":"#1"},"down":{"uv":[0.0,0.0,0.5,3.0],"tintindex":0,"rotation":0,"texture":"#1"}}},{"from":[7.0,-4.0,13.0],"to":[9.0,-2.0,20.0],"faces":{"east":{"uv":[0.0,0.0,1.75,0.5],"tintindex":0,"rotation":0,"texture":"#1"},"south":{"uv":[0.0,0.0,0.5,0.5],"tintindex":0,"rotation":0,"texture":"#1"},"north":{"uv":[0.0,0.0,0.5,0.5],"tintindex":0,"rotation":0,"texture":"#1"},"west":{"uv":[0.0,0.0,1.75,0.5],"tintindex":0,"rotation":0,"texture":"#1"},"up":{"uv":[0.0,0.0,0.5,1.75],"tintindex":0,"rotation":0,"texture":"#1"},"down":{"uv":[0.0,0.0,0.5,1.75],"tintindex":0,"rotation":0,"texture":"#1"}}}],"display":{"head":{"rotation":[0.0,0.0,0.0]},"firstperson_righthand":{"rotation":[0.0,0.0,0.0]},"thirdperson_lefthand":{"rotation":[0.0,-0.0,-0.0]},"firstperson_lefthand":{"rotation":[0.0,-0.0,-0.0]},"fixed":{"rotation":[0.0,0.0,0.0]},"ground":{"rotation":[0.0,0.0,0.0]},"thirdperson_righthand":{"rotation":[0.0,0.0,0.0]},"gui":{"rotation":[-150.0,-45.0,180.0]}}}