{"textures":{"0":"modelengine:entity/pair_y","particle":"#0"},"elements":[{"from":[8.1,7.995,8.0],"to":[8.2,8.005,8.04],"faces":{"east":{"uv":[2.5,2.5,3.0,3.0],"tintindex":0,"rotation":0,"texture":"#0"},"south":{"uv":[0.0,3.0,0.5,3.5],"tintindex":0,"rotation":0,"texture":"#0"},"north":{"uv":[2.5,2.0,3.0,2.5],"tintindex":0,"rotation":0,"texture":"#0"},"west":{"uv":[3.0,0.0,3.5,0.5],"tintindex":0,"rotation":0,"texture":"#0"},"up":{"uv":[1.0,3.5,0.5,3.0],"tintindex":0,"rotation":0,"texture":"#0"},"down":{"uv":[3.5,0.5,3.0,1.0],"tintindex":0,"rotation":0,"texture":"#0"}}},{"from":[8.2,7.995,8.0],"to":[8.3,8.005,8.08],"faces":{"east":{"uv":[3.0,1.0,3.5,1.5],"tintindex":0,"rotation":0,"texture":"#0"},"south":{"uv":[1.5,3.0,2.0,3.5],"tintindex":0,"rotation":0,"texture":"#0"},"north":{"uv":[1.0,3.0,1.5,3.5],"tintindex":0,"rotation":0,"texture":"#0"},"west":{"uv":[3.0,1.5,3.5,2.0],"tintindex":0,"rotation":0,"texture":"#0"},"up":{"uv":[2.5,3.5,2.0,3.0],"tintindex":0,"rotation":0,"texture":"#0"},"down":{"uv":[3.5,2.0,3.0,2.5],"tintindex":0,"rotation":0,"texture":"#0"}}},{"from":[8.7,7.995,8.0],"to":[9.3,8.005,8.25],"faces":{"east":{"uv":[1.0,3.5,1.5,4.0],"tintindex":0,"rotation":0,"texture":"#0"},"south":{"uv":[3.5,1.0,4.0,1.5],"tintindex":0,"rotation":0,"texture":"#0"},"north":{"uv":[3.5,0.5,4.0,1.0],"tintindex":0,"rotation":0,"texture":"#0"},"west":{"uv":[1.5,3.5,2.0,4.0],"tintindex":0,"rotation":0,"texture":"#0"},"up":{"uv":[4.0,2.0,3.5,1.5],"tintindex":0,"rotation":0,"texture":"#0"},"down":{"uv":[2.5,3.5,2.0,4.0],"tintindex":0,"rotation":0,"texture":"#0"}}},{"from":[8.3,7.995,8.0],"to":[8.7,8.005,8.12],"faces":{"east":{"uv":[3.0,2.5,3.5,3.0],"tintindex":0,"rotation":0,"texture":"#0"},"south":{"uv":[3.0,3.0,3.5,3.5],"tintindex":0,"rotation":0,"texture":"#0"},"north":{"uv":[2.5,3.0,3.0,3.5],"tintindex":0,"rotation":0,"texture":"#0"},"west":{"uv":[0.0,3.5,0.5,4.0],"tintindex":0,"rotation":0,"texture":"#0"},"up":{"uv":[4.0,0.5,3.5,0.0],"tintindex":0,"rotation":0,"texture":"#0"},"down":{"uv":[1.0,3.5,0.5,4.0],"tintindex":0,"rotation":0,"texture":"#0"}}},{"from":[8.0,7.995,8.0],"to":[8.03,8.005,8.01],"faces":{"east":{"uv":[2.0,1.5,2.5,2.0],"tintindex":0,"rotation":0,"texture":"#0"},"south":{"uv":[2.0,2.0,2.5,2.5],"tintindex":0,"rotation":0,"texture":"#0"},"north":{"uv":[1.5,2.0,2.0,2.5],"tintindex":0,"rotation":0,"texture":"#0"},"west":{"uv":[0.0,2.5,0.5,3.0],"tintindex":0,"rotation":0,"texture":"#0"},"up":{"uv":[3.0,0.5,2.5,0.0],"tintindex":0,"rotation":0,"texture":"#0"},"down":{"uv":[1.0,2.5,0.5,3.0],"tintindex":0,"rotation":0,"texture":"#0"}}},{"from":[9.3,7.995,8.0],"to":[9.8,8.005,8.45],"faces":{"east":{"uv":[2.5,3.5,3.0,4.0],"tintindex":0,"rotation":0,"texture":"#0"},"south":{"uv":[3.5,2.5,4.0,3.0],"tintindex":0,"rotation":0,"texture":"#0"},"north":{"uv":[3.5,2.0,4.0,2.5],"tintindex":0,"rotation":0,"texture":"#0"},"west":{"uv":[3.0,3.5,3.5,4.0],"tintindex":0,"rotation":0,"texture":"#0"},"up":{"uv":[4.0,3.5,3.5,3.0],"tintindex":0,"rotation":0,"texture":"#0"},"down":{"uv":[4.0,3.5,3.5,4.0],"tintindex":0,"rotation":0,"texture":"#0"}}},{"from":[8.027,7.995,8.0],"to":[8.1,8.005,8.02],"faces":{"east":{"uv":[1.0,2.5,1.5,3.0],"tintindex":0,"rotation":0,"texture":"#0"},"south":{"uv":[2.5,1.0,3.0,1.5],"tintindex":0,"rotation":0,"texture":"#0"},"north":{"uv":[2.5,0.5,3.0,1.0],"tintindex":0,"rotation":0,"texture":"#0"},"west":{"uv":[1.5,2.5,2.0,3.0],"tintindex":0,"rotation":0,"texture":"#0"},"up":{"uv":[3.0,2.0,2.5,1.5],"tintindex":0,"rotation":0,"texture":"#0"},"down":{"uv":[2.5,2.5,2.0,3.0],"tintindex":0,"rotation":0,"texture":"#0"}}},{"from":[9.8,7.995,8.0],"to":[11.0,8.005,8.7],"faces":{"east":{"uv":[4.0,0.0,4.5,0.5],"tintindex":0,"rotation":0,"texture":"#0"},"south":{"uv":[0.5,4.0,1.0,4.5],"tintindex":0,"rotation":0,"texture":"#0"},"north":{"uv":[0.0,4.0,0.5,4.5],"tintindex":0,"rotation":0,"texture":"#0"},"west":{"uv":[4.0,0.5,4.5,1.0],"tintindex":0,"rotation":0,"texture":"#0"},"up":{"uv":[1.5,4.5,1.0,4.0],"tintindex":0,"rotation":0,"texture":"#0"},"down":{"uv":[4.5,1.0,4.0,1.5],"tintindex":0,"rotation":0,"texture":"#0"}}}],"display":{"head":{"rotation":[0.0,-1.0,0.0]},"firstperson_righthand":{"rotation":[0.0,-1.0,0.0]},"thirdperson_lefthand":{"rotation":[0.0,1.0,-0.0]},"firstperson_lefthand":{"rotation":[0.0,1.0,-0.0]},"fixed":{"rotation":[0.0,-1.0,0.0]},"ground":{"rotation":[0.0,-1.0,0.0]},"thirdperson_righthand":{"rotation":[0.0,-1.0,0.0]},"gui":{"rotation":[-150.0,-44.0,-180.0]}}}