{"textures":{"0":"modelengine:entity/linearray","particle":"#0"},"elements":[{"from":[9.75,23.5,7.5],"to":[30.75,31.0,15.0],"faces":{"east":{"uv":[5.25,5.125,5.71875,5.59375],"tintindex":0,"rotation":0,"texture":"#0"},"south":{"uv":[3.9375,2.8125,5.25,3.28125],"tintindex":0,"rotation":0,"texture":"#0"},"north":{"uv":[3.9375,2.34375,5.25,2.8125],"tintindex":0,"rotation":0,"texture":"#0"},"west":{"uv":[0.0,5.484375,0.46875,5.953125],"tintindex":0,"rotation":0,"texture":"#0"},"up":{"uv":[5.25,3.75,3.9375,3.28125],"tintindex":0,"rotation":0,"texture":"#0"},"down":{"uv":[5.25,3.75,3.9375,4.21875],"tintindex":0,"rotation":0,"texture":"#0"}}},{"from":[-11.25,16.0,0.0],"to":[9.75,23.5,7.5],"faces":{"east":{"uv":[5.25,4.1875,5.71875,4.65625],"tintindex":0,"rotation":0,"texture":"#0"},"south":{"uv":[1.3125,3.75,2.625,4.21875],"tintindex":0,"rotation":0,"texture":"#0"},"north":{"uv":[0.0,3.75,1.3125,4.21875],"tintindex":0,"rotation":0,"texture":"#0"},"west":{"uv":[5.25,4.65625,5.71875,5.125],"tintindex":0,"rotation":0,"texture":"#0"},"up":{"uv":[3.9375,4.21875,2.625,3.75],"tintindex":0,"rotation":0,"texture":"#0"},"down":{"uv":[5.25,0.0,3.9375,0.46875],"tintindex":0,"rotation":0,"texture":"#0"}}},{"from":[-11.200001,5.5,-0.25],"to":[9.75,11.75,7.25],"faces":{"east":{"uv":[5.15625,5.59375,5.625,5.984375],"tintindex":0,"rotation":0,"texture":"#0"},"south":{"uv":[3.9375,5.09375,5.25,5.484375],"tintindex":0,"rotation":0,"texture":"#0"},"north":{"uv":[2.625,5.09375,3.9375,5.484375],"tintindex":0,"rotation":0,"texture":"#0"},"west":{"uv":[5.625,5.59375,6.09375,5.984375],"tintindex":0,"rotation":0,"texture":"#0"},"up":{"uv":[5.25,1.875,3.9375,1.40625],"tintindex":0,"rotation":0,"texture":"#0"},"down":{"uv":[5.25,1.875,3.9375,2.34375],"tintindex":0,"rotation":0,"texture":"#0"}},"rotation":{"origin":[-11.0,11.25,7.0],"angle":-22.5,"axis":"x"}},{"from":[-11.15,1.75,0.75],"to":[9.75,8.5,8.25],"faces":{"east":{"uv":[2.34375,5.484375,2.8125,5.90625],"tintindex":0,"rotation":0,"texture":"#0"},"south":{"uv":[1.3125,4.671875,2.625,5.09375],"tintindex":0,"rotation":0,"texture":"#0"},"north":{"uv":[0.0,4.671875,1.3125,5.09375],"tintindex":0,"rotation":0,"texture":"#0"},"west":{"uv":[2.8125,5.484375,3.28125,5.90625],"tintindex":0,"rotation":0,"texture":"#0"},"up":{"uv":[1.3125,0.46875,0.0,0.0],"tintindex":0,"rotation":0,"texture":"#0"},"down":{"uv":[1.3125,0.46875,0.0,0.9375],"tintindex":0,"rotation":0,"texture":"#0"}},"rotation":{"origin":[-11.0,8.0,8.0],"angle":-45.0,"axis":"x"}},{"from":[-11.25,8.75,0.0],"to":[9.75,16.0,7.5],"faces":{"east":{"uv":[1.40625,5.484375,1.875,5.9375],"tintindex":0,"rotation":0,"texture":"#0"},"south":{"uv":[3.9375,4.21875,5.25,4.671875],"tintindex":0,"rotation":0,"texture":"#0"},"north":{"uv":[2.625,4.21875,3.9375,4.671875],"tintindex":0,"rotation":0,"texture":"#0"},"west":{"uv":[1.875,5.484375,2.34375,5.9375],"tintindex":0,"rotation":0,"texture":"#0"},"up":{"uv":[5.25,0.9375,3.9375,0.46875],"tintindex":0,"rotation":0,"texture":"#0"},"down":{"uv":[5.25,0.9375,3.9375,1.40625],"tintindex":0,"rotation":0,"texture":"#0"}}},{"from":[-11.25,23.5,7.5],"to":[9.75,31.0,15.0],"faces":{"east":{"uv":[5.25,0.4375,5.71875,0.90625],"tintindex":0,"rotation":0,"texture":"#0"},"south":{"uv":[1.3125,0.0,2.625,0.46875],"tintindex":0,"rotation":0,"texture":"#0"},"north":{"uv":[0.0,0.9375,1.3125,1.40625],"tintindex":0,"rotation":0,"texture":"#0"},"west":{"uv":[5.25,0.90625,5.71875,1.375],"tintindex":0,"rotation":0,"texture":"#0"},"up":{"uv":[2.625,0.9375,1.3125,0.46875],"tintindex":0,"rotation":0,"texture":"#0"},"down":{"uv":[2.625,0.9375,1.3125,1.40625],"tintindex":0,"rotation":0,"texture":"#0"}}},{"from":[9.75,23.5,0.0],"to":[30.75,31.0,7.5],"faces":{"east":{"uv":[5.25,1.375,5.71875,1.84375],"tintindex":0,"rotation":0,"texture":"#0"},"south":{"uv":[1.3125,1.40625,2.625,1.875],"tintindex":0,"rotation":0,"texture":"#0"},"north":{"uv":[0.0,1.40625,1.3125,1.875],"tintindex":0,"rotation":180,"texture":"#0"},"west":{"uv":[5.25,1.84375,5.71875,2.3125],"tintindex":0,"rotation":0,"texture":"#0"},"up":{"uv":[1.3125,2.34375,0.0,1.875],"tintindex":0,"rotation":0,"texture":"#0"},"down":{"uv":[2.625,1.875,1.3125,2.34375],"tintindex":0,"rotation":0,"texture":"#0"}}},{"from":[9.75,16.0,0.0],"to":[30.75,23.5,7.5],"faces":{"east":{"uv":[5.25,2.3125,5.71875,2.78125],"tintindex":0,"rotation":0,"texture":"#0"},"south":{"uv":[1.3125,2.34375,2.625,2.8125],"tintindex":0,"rotation":0,"texture":"#0"},"north":{"uv":[0.0,2.34375,1.3125,2.8125],"tintindex":0,"rotation":180,"texture":"#0"},"west":{"uv":[5.25,2.78125,5.71875,3.25],"tintindex":0,"rotation":0,"texture":"#0"},"up":{"uv":[3.9375,0.46875,2.625,0.0],"tintindex":0,"rotation":0,"texture":"#0"},"down":{"uv":[3.9375,0.46875,2.625,0.9375],"tintindex":0,"rotation":0,"texture":"#0"}}},{"from":[9.75,8.75,0.0],"to":[30.75,16.0,7.5],"faces":{"east":{"uv":[0.46875,5.484375,0.9375,5.9375],"tintindex":0,"rotation":0,"texture":"#0"},"south":{"uv":[1.3125,4.21875,2.625,4.671875],"tintindex":0,"rotation":0,"texture":"#0"},"north":{"uv":[0.0,4.21875,1.3125,4.671875],"tintindex":0,"rotation":180,"texture":"#0"},"west":{"uv":[0.9375,5.484375,1.40625,5.9375],"tintindex":0,"rotation":0,"texture":"#0"},"up":{"uv":[3.9375,1.40625,2.625,0.9375],"tintindex":0,"rotation":0,"texture":"#0"},"down":{"uv":[3.9375,1.40625,2.625,1.875],"tintindex":0,"rotation":0,"texture":"#0"}}},{"from":[9.75,5.5,-0.25],"to":[30.7,11.75,7.25],"faces":{"east":{"uv":[4.21875,5.484375,4.6875,5.875],"tintindex":0,"rotation":0,"texture":"#0"},"south":{"uv":[1.3125,5.09375,2.625,5.484375],"tintindex":0,"rotation":0,"texture":"#0"},"north":{"uv":[0.0,5.09375,1.3125,5.484375],"tintindex":0,"rotation":180,"texture":"#0"},"west":{"uv":[4.6875,5.484375,5.15625,5.875],"tintindex":0,"rotation":0,"texture":"#0"},"up":{"uv":[3.9375,2.34375,2.625,1.875],"tintindex":0,"rotation":0,"texture":"#0"},"down":{"uv":[3.9375,2.34375,2.625,2.8125],"tintindex":0,"rotation":0,"texture":"#0"}},"rotation":{"origin":[10.0,11.25,7.0],"angle":-22.5,"axis":"x"}},{"from":[9.75,1.75,0.75],"to":[30.65,8.5,8.25],"faces":{"east":{"uv":[3.28125,5.484375,3.75,5.90625],"tintindex":0,"rotation":0,"texture":"#0"},"south":{"uv":[3.9375,4.671875,5.25,5.09375],"tintindex":0,"rotation":0,"texture":"#0"},"north":{"uv":[2.625,4.671875,3.9375,5.09375],"tintindex":0,"rotation":180,"texture":"#0"},"west":{"uv":[3.75,5.484375,4.21875,5.90625],"tintindex":0,"rotation":0,"texture":"#0"},"up":{"uv":[1.3125,3.28125,0.0,2.8125],"tintindex":0,"rotation":0,"texture":"#0"},"down":{"uv":[2.625,2.8125,1.3125,3.28125],"tintindex":0,"rotation":0,"texture":"#0"}},"rotation":{"origin":[10.0,8.0,8.0],"angle":-45.0,"axis":"x"}},{"from":[-11.25,23.5,0.0],"to":[9.75,31.0,7.5],"faces":{"east":{"uv":[5.25,3.25,5.71875,3.71875],"tintindex":0,"rotation":0,"texture":"#0"},"south":{"uv":[0.0,3.28125,1.3125,3.75],"tintindex":0,"rotation":0,"texture":"#0"},"north":{"uv":[2.625,2.8125,3.9375,3.28125],"tintindex":0,"rotation":0,"texture":"#0"},"west":{"uv":[5.25,3.71875,5.71875,4.1875],"tintindex":0,"rotation":0,"texture":"#0"},"up":{"uv":[2.625,3.75,1.3125,3.28125],"tintindex":0,"rotation":0,"texture":"#0"},"down":{"uv":[3.9375,3.28125,2.625,3.75],"tintindex":0,"rotation":0,"texture":"#0"}}}],"display":{"head":{"rotation":[0.0,0.0,0.0]},"firstperson_righthand":{"rotation":[0.0,0.0,0.0]},"thirdperson_lefthand":{"rotation":[0.0,-0.0,-0.0]},"firstperson_lefthand":{"rotation":[0.0,-0.0,-0.0]},"fixed":{"rotation":[0.0,0.0,0.0]},"ground":{"rotation":[0.0,0.0,0.0]},"thirdperson_righthand":{"rotation":[0.0,0.0,0.0]},"gui":{"rotation":[-150.0,-45.0,180.0]}}}