{"textures":{"0":"modelengine:entity/bell2body","particle":"#0"},"elements":[{"from":[9.764706,2.8823528,9.470589],"to":[14.0,7.117647,13.705883],"faces":{"east":{"uv":[6.75,8.5625,7.125,8.9375],"tintindex":0,"rotation":0,"texture":"#0"},"south":{"uv":[0.0,8.625,0.375,9.0],"tintindex":0,"rotation":0,"texture":"#0"},"north":{"uv":[6.75,8.1875,7.125,8.5625],"tintindex":0,"rotation":0,"texture":"#0"},"west":{"uv":[0.375,8.625,0.75,9.0],"tintindex":0,"rotation":0,"texture":"#0"},"up":{"uv":[1.125,9.0,0.75,8.625],"tintindex":0,"rotation":0,"texture":"#0"},"down":{"uv":[1.5,8.625,1.125,9.0],"tintindex":0,"rotation":0,"texture":"#0"}}},{"from":[10.470589,6.0588236,10.176471],"to":[13.294117,31.941177,13.0],"faces":{"east":{"uv":[7.5,2.5,7.75,5.1875],"tintindex":0,"rotation":0,"texture":"#0"},"south":{"uv":[7.75,2.5,8.0,5.1875],"tintindex":0,"rotation":0,"texture":"#0"},"north":{"uv":[7.25,2.5,7.5,5.1875],"tintindex":0,"rotation":0,"texture":"#0"},"west":{"uv":[8.0,2.5,8.25,5.1875],"tintindex":0,"rotation":0,"texture":"#0"},"up":{"uv":[7.375,8.4375,7.125,8.1875],"tintindex":0,"rotation":0,"texture":"#0"},"down":{"uv":[7.375,8.4375,7.125,8.6875],"tintindex":0,"rotation":0,"texture":"#0"}}}],"display":{"head":{"rotation":[0.0,0.0,0.0]},"firstperson_righthand":{"rotation":[0.0,0.0,0.0]},"thirdperson_lefthand":{"rotation":[0.0,-0.0,-0.0]},"firstperson_lefthand":{"rotation":[0.0,-0.0,-0.0]},"fixed":{"rotation":[0.0,0.0,0.0]},"ground":{"rotation":[0.0,0.0,0.0]},"thirdperson_righthand":{"rotation":[0.0,0.0,0.0]},"gui":{"rotation":[-150.0,-45.0,180.0]}}}