{"textures":{"0":"modelengine:entity/bell2body","particle":"#0"},"elements":[{"from":[6.1578946,28.052631,7.894737],"to":[27.421053,28.157894,26.68421],"faces":{"east":{"uv":[8.25,2.625,10.5,2.75],"tintindex":0,"rotation":0,"texture":"#0"},"south":{"uv":[8.25,2.75,10.5,2.875],"tintindex":0,"rotation":0,"texture":"#0"},"north":{"uv":[8.25,2.5,10.5,2.625],"tintindex":0,"rotation":0,"texture":"#0"},"west":{"uv":[8.25,2.875,10.5,3.0],"tintindex":0,"rotation":0,"texture":"#0"},"up":{"uv":[6.75,8.0,4.5,5.75],"tintindex":0,"rotation":0,"texture":"#0"},"down":{"uv":[9.0,5.75,6.75,8.0],"tintindex":0,"rotation":0,"texture":"#0"}}},{"from":[5.105263,6.368421,26.789474],"to":[28.526316,8.736842,27.789474],"faces":{"east":{"uv":[1.875,8.625,2.0625,8.9375],"tintindex":0,"rotation":0,"texture":"#0"},"south":{"uv":[7.25,0.9375,10.125,1.25],"tintindex":0,"rotation":0,"texture":"#0"},"north":{"uv":[7.25,0.625,10.125,0.9375],"tintindex":0,"rotation":0,"texture":"#0"},"west":{"uv":[2.0625,8.625,2.25,8.9375],"tintindex":0,"rotation":0,"texture":"#0"},"up":{"uv":[10.125,5.75,7.25,5.5625],"tintindex":0,"rotation":0,"texture":"#0"},"down":{"uv":[7.375,8.0,4.5,8.1875],"tintindex":0,"rotation":0,"texture":"#0"}}},{"from":[6.1578946,6.368421,7.8421054],"to":[27.421053,28.157894,7.9473686],"faces":{"east":{"uv":[6.0,8.1875,6.125,11.0625],"tintindex":0,"rotation":0,"texture":"#0"},"south":{"uv":[2.25,5.75,4.5,8.625],"tintindex":0,"rotation":0,"texture":"#0"},"north":{"uv":[0.0,5.75,2.25,8.625],"tintindex":0,"rotation":0,"texture":"#0"},"west":{"uv":[6.125,8.1875,6.25,11.0625],"tintindex":0,"rotation":0,"texture":"#0"},"up":{"uv":[10.5,3.375,8.25,3.25],"tintindex":0,"rotation":0,"texture":"#0"},"down":{"uv":[10.5,3.375,8.25,3.5],"tintindex":0,"rotation":0,"texture":"#0"}}},{"from":[6.1578946,6.368421,26.68421],"to":[27.421053,28.157894,26.789474],"faces":{"east":{"uv":[5.75,8.1875,5.875,11.0625],"tintindex":0,"rotation":0,"texture":"#0"},"south":{"uv":[5.0,2.875,7.25,5.75],"tintindex":0,"rotation":0,"texture":"#0"},"north":{"uv":[5.0,0.0,7.25,2.875],"tintindex":0,"rotation":0,"texture":"#0"},"west":{"uv":[5.875,8.1875,6.0,11.0625],"tintindex":0,"rotation":0,"texture":"#0"},"up":{"uv":[10.5,3.125,8.25,3.0],"tintindex":0,"rotation":0,"texture":"#0"},"down":{"uv":[10.5,3.125,8.25,3.25],"tintindex":0,"rotation":0,"texture":"#0"}}},{"from":[5.105263,6.368421,7.8421054],"to":[6.0526314,8.736842,26.789474],"faces":{"east":{"uv":[7.25,1.875,9.75,2.1875],"tintindex":0,"rotation":0,"texture":"#0"},"south":{"uv":[2.8125,8.625,3.0,8.9375],"tintindex":0,"rotation":0,"texture":"#0"},"north":{"uv":[2.625,8.625,2.8125,8.9375],"tintindex":0,"rotation":0,"texture":"#0"},"west":{"uv":[7.25,2.1875,9.75,2.5],"tintindex":0,"rotation":0,"texture":"#0"},"up":{"uv":[5.0625,10.6875,4.875,8.1875],"tintindex":0,"rotation":0,"texture":"#0"},"down":{"uv":[5.25,8.1875,5.0625,10.6875],"tintindex":0,"rotation":0,"texture":"#0"}}},{"from":[6.0526314,6.368421,7.8421054],"to":[6.1578946,28.157894,26.789474],"faces":{"east":{"uv":[0.0,2.875,2.5,5.75],"tintindex":0,"rotation":0,"texture":"#0"},"south":{"uv":[5.625,8.1875,5.75,11.0625],"tintindex":0,"rotation":0,"texture":"#0"},"north":{"uv":[5.5,8.1875,5.625,11.0625],"tintindex":0,"rotation":0,"texture":"#0"},"west":{"uv":[2.5,2.875,5.0,5.75],"tintindex":0,"rotation":0,"texture":"#0"},"up":{"uv":[6.625,10.6875,6.5,8.1875],"tintindex":0,"rotation":0,"texture":"#0"},"down":{"uv":[6.75,8.1875,6.625,10.6875],"tintindex":0,"rotation":0,"texture":"#0"}}},{"from":[5.105263,6.368421,6.894737],"to":[28.526316,8.736842,7.8421054],"faces":{"east":{"uv":[1.5,8.625,1.6875,8.9375],"tintindex":0,"rotation":0,"texture":"#0"},"south":{"uv":[7.25,0.3125,10.125,0.625],"tintindex":0,"rotation":0,"texture":"#0"},"north":{"uv":[7.25,0.0,10.125,0.3125],"tintindex":0,"rotation":0,"texture":"#0"},"west":{"uv":[1.6875,8.625,1.875,8.9375],"tintindex":0,"rotation":0,"texture":"#0"},"up":{"uv":[10.125,5.375,7.25,5.1875],"tintindex":0,"rotation":0,"texture":"#0"},"down":{"uv":[10.125,5.375,7.25,5.5625],"tintindex":0,"rotation":0,"texture":"#0"}}},{"from":[27.421053,6.368421,7.8421054],"to":[27.526316,28.157894,26.789474],"faces":{"east":{"uv":[0.0,0.0,2.5,2.875],"tintindex":0,"rotation":0,"texture":"#0"},"south":{"uv":[5.375,8.1875,5.5,11.0625],"tintindex":0,"rotation":0,"texture":"#0"},"north":{"uv":[5.25,8.1875,5.375,11.0625],"tintindex":0,"rotation":0,"texture":"#0"},"west":{"uv":[2.5,0.0,5.0,2.875],"tintindex":0,"rotation":0,"texture":"#0"},"up":{"uv":[6.375,10.6875,6.25,8.1875],"tintindex":0,"rotation":0,"texture":"#0"},"down":{"uv":[6.5,8.1875,6.375,10.6875],"tintindex":0,"rotation":0,"texture":"#0"}}},{"from":[14.105263,28.105263,14.921053],"to":[19.473684,30.947369,19.657894],"faces":{"east":{"uv":[8.25,3.875,8.9375,4.25],"tintindex":0,"rotation":0,"texture":"#0"},"south":{"uv":[8.25,4.25,8.9375,4.625],"tintindex":0,"rotation":0,"texture":"#0"},"north":{"uv":[8.25,3.5,8.9375,3.875],"tintindex":0,"rotation":0,"texture":"#0"},"west":{"uv":[8.25,4.625,8.9375,5.0],"tintindex":0,"rotation":0,"texture":"#0"},"up":{"uv":[8.0625,8.6875,7.375,8.0],"tintindex":0,"rotation":0,"texture":"#0"},"down":{"uv":[8.75,8.0,8.0625,8.6875],"tintindex":0,"rotation":0,"texture":"#0"}}},{"from":[27.526316,6.368421,7.8421054],"to":[28.526316,8.736842,26.789474],"faces":{"east":{"uv":[7.25,1.25,9.75,1.5625],"tintindex":0,"rotation":0,"texture":"#0"},"south":{"uv":[2.4375,8.625,2.625,8.9375],"tintindex":0,"rotation":0,"texture":"#0"},"north":{"uv":[2.25,8.625,2.4375,8.9375],"tintindex":0,"rotation":0,"texture":"#0"},"west":{"uv":[7.25,1.5625,9.75,1.875],"tintindex":0,"rotation":0,"texture":"#0"},"up":{"uv":[4.6875,10.6875,4.5,8.1875],"tintindex":0,"rotation":0,"texture":"#0"},"down":{"uv":[4.875,8.1875,4.6875,10.6875],"tintindex":0,"rotation":0,"texture":"#0"}}}],"display":{"head":{"rotation":[0.0,0.0,0.0]},"firstperson_righthand":{"rotation":[0.0,0.0,0.0]},"thirdperson_lefthand":{"rotation":[0.0,-0.0,-0.0]},"firstperson_lefthand":{"rotation":[0.0,-0.0,-0.0]},"fixed":{"rotation":[0.0,0.0,0.0]},"ground":{"rotation":[0.0,0.0,0.0]},"thirdperson_righthand":{"rotation":[0.0,0.0,0.0]},"gui":{"rotation":[-150.0,-45.0,180.0]}}}