{"textures":{"0":"modelengine:entity/mictex","particle":"#0"},"elements":[{"from":[6.9,9.2,7.7812],"to":[9.1,11.8,8.2188],"faces":{"east":{"uv":[2.75,0.0,3.0,0.75],"tintindex":0,"rotation":0,"texture":"#0"},"south":{"uv":[2.0,0.75,2.5,1.5],"tintindex":0,"rotation":0,"texture":"#0"},"north":{"uv":[2.0,0.0,2.5,0.75],"tintindex":0,"rotation":0,"texture":"#0"},"west":{"uv":[2.75,0.75,3.0,1.5],"tintindex":0,"rotation":0,"texture":"#0"},"up":{"uv":[3.5,2.0,3.0,1.75],"tintindex":0,"rotation":0,"texture":"#0"},"down":{"uv":[3.5,2.0,3.0,2.25],"tintindex":0,"rotation":0,"texture":"#0"}}},{"from":[7.7812,9.2,6.9],"to":[8.2188,11.8,9.1],"faces":{"east":{"uv":[1.0,0.0,1.5,0.75],"tintindex":0,"rotation":0,"texture":"#0"},"south":{"uv":[1.75,2.25,2.0,3.0],"tintindex":0,"rotation":0,"texture":"#0"},"north":{"uv":[1.5,2.25,1.75,3.0],"tintindex":0,"rotation":0,"texture":"#0"},"west":{"uv":[1.0,0.75,1.5,1.5],"tintindex":0,"rotation":0,"texture":"#0"},"up":{"uv":[3.25,1.0,3.0,0.5],"tintindex":0,"rotation":0,"texture":"#0"},"down":{"uv":[1.0,3.0,0.75,3.5],"tintindex":0,"rotation":0,"texture":"#0"}}},{"from":[6.9,9.2,7.7812],"to":[9.1,11.8,8.2188],"faces":{"east":{"uv":[2.5,1.5,2.75,2.25],"tintindex":0,"rotation":0,"texture":"#0"},"south":{"uv":[1.5,1.5,2.0,2.25],"tintindex":0,"rotation":0,"texture":"#0"},"north":{"uv":[1.0,1.5,1.5,2.25],"tintindex":0,"rotation":0,"texture":"#0"},"west":{"uv":[2.5,2.25,2.75,3.0],"tintindex":0,"rotation":0,"texture":"#0"},"up":{"uv":[3.5,1.75,3.0,1.5],"tintindex":0,"rotation":0,"texture":"#0"},"down":{"uv":[2.25,3.0,1.75,3.25],"tintindex":0,"rotation":0,"texture":"#0"}},"rotation":{"origin":[8.0,9.0,8.0],"angle":-22.5,"axis":"y"}},{"from":[7.7812,9.2,6.9],"to":[8.2188,11.8,9.1],"faces":{"east":{"uv":[0.0,0.75,0.5,1.5],"tintindex":0,"rotation":0,"texture":"#0"},"south":{"uv":[1.25,2.25,1.5,3.0],"tintindex":0,"rotation":0,"texture":"#0"},"north":{"uv":[1.0,2.25,1.25,3.0],"tintindex":0,"rotation":0,"texture":"#0"},"west":{"uv":[0.5,0.75,1.0,1.5],"tintindex":0,"rotation":0,"texture":"#0"},"up":{"uv":[0.5,3.5,0.25,3.0],"tintindex":0,"rotation":0,"texture":"#0"},"down":{"uv":[0.75,3.0,0.5,3.5],"tintindex":0,"rotation":0,"texture":"#0"}},"rotation":{"origin":[8.0,9.0,8.0],"angle":-22.5,"axis":"y"}},{"from":[7.7812,9.2,6.9],"to":[8.2188,11.8,9.1],"faces":{"east":{"uv":[0.0,1.5,0.5,2.25],"tintindex":0,"rotation":0,"texture":"#0"},"south":{"uv":[2.25,2.25,2.5,3.0],"tintindex":0,"rotation":0,"texture":"#0"},"north":{"uv":[2.0,2.25,2.25,3.0],"tintindex":0,"rotation":0,"texture":"#0"},"west":{"uv":[1.5,0.0,2.0,0.75],"tintindex":0,"rotation":0,"texture":"#0"},"up":{"uv":[1.25,3.5,1.0,3.0],"tintindex":0,"rotation":0,"texture":"#0"},"down":{"uv":[3.25,1.0,3.0,1.5],"tintindex":0,"rotation":0,"texture":"#0"}},"rotation":{"origin":[8.0,9.0,8.0],"angle":22.5,"axis":"y"}},{"from":[7.7812,9.2,6.9],"to":[8.2188,11.8,9.1],"faces":{"east":{"uv":[0.0,0.0,0.5,0.75],"tintindex":0,"rotation":0,"texture":"#0"},"south":{"uv":[0.75,2.25,1.0,3.0],"tintindex":0,"rotation":0,"texture":"#0"},"north":{"uv":[0.5,2.25,0.75,3.0],"tintindex":0,"rotation":0,"texture":"#0"},"west":{"uv":[0.5,0.0,1.0,0.75],"tintindex":0,"rotation":0,"texture":"#0"},"up":{"uv":[0.25,3.5,0.0,3.0],"tintindex":0,"rotation":0,"texture":"#0"},"down":{"uv":[3.25,0.0,3.0,0.5],"tintindex":0,"rotation":0,"texture":"#0"}},"rotation":{"origin":[8.0,9.0,8.0],"angle":-45.0,"axis":"y"}},{"from":[6.9,9.2,7.7812],"to":[9.1,11.8,8.2188],"faces":{"east":{"uv":[0.0,3.0,1.0,6.0],"tintindex":0,"rotation":0,"texture":"#0"},"south":{"uv":[2.0,0.0,4.0,3.0],"tintindex":0,"rotation":0,"texture":"#0"},"north":{"uv":[0.0,0.0,2.0,3.0],"tintindex":0,"rotation":0,"texture":"#0"},"west":{"uv":[1.0,3.0,2.0,6.0],"tintindex":0,"rotation":0,"texture":"#0"},"up":{"uv":[4.0,4.0,2.0,3.0],"tintindex":0,"rotation":0,"texture":"#0"},"down":{"uv":[6.0,0.0,4.0,1.0],"tintindex":0,"rotation":0,"texture":"#0"}},"rotation":{"origin":[8.0,9.0,8.0],"angle":22.5,"axis":"y"}},{"from":[7.7812,9.2,6.9],"to":[8.2188,11.8,9.1],"faces":{"east":{"uv":[0.5,1.5,1.0,2.25],"tintindex":0,"rotation":0,"texture":"#0"},"south":{"uv":[2.5,0.75,2.75,1.5],"tintindex":0,"rotation":0,"texture":"#0"},"north":{"uv":[2.5,0.0,2.75,0.75],"tintindex":0,"rotation":0,"texture":"#0"},"west":{"uv":[1.5,0.75,2.0,1.5],"tintindex":0,"rotation":0,"texture":"#0"},"up":{"uv":[1.5,3.5,1.25,3.0],"tintindex":0,"rotation":0,"texture":"#0"},"down":{"uv":[1.75,3.0,1.5,3.5],"tintindex":0,"rotation":0,"texture":"#0"}},"rotation":{"origin":[8.0,9.0,8.0],"angle":45.0,"axis":"y"}}],"display":{"head":{"rotation":[0.0,0.0,0.0]},"firstperson_righthand":{"rotation":[0.0,0.0,0.0]},"thirdperson_lefthand":{"rotation":[0.0,-0.0,-0.0]},"firstperson_lefthand":{"rotation":[0.0,-0.0,-0.0]},"fixed":{"rotation":[0.0,0.0,0.0]},"ground":{"rotation":[0.0,0.0,0.0]},"thirdperson_righthand":{"rotation":[0.0,0.0,0.0]},"gui":{"rotation":[-150.0,-45.0,180.0]}}}