{"textures":{"0":"modelengine:entity/mictex","particle":"#0"},"elements":[{"from":[15.5,-15.0,15.5],"to":[16.5,-13.0,16.5],"faces":{"east":{"uv":[5.0,11.0,6.0,13.0],"tintindex":0,"rotation":0,"texture":"#0"},"south":{"uv":[8.0,11.0,9.0,13.0],"tintindex":0,"rotation":0,"texture":"#0"},"north":{"uv":[6.0,11.0,7.0,13.0],"tintindex":0,"rotation":0,"texture":"#0"},"west":{"uv":[7.0,11.0,8.0,13.0],"tintindex":0,"rotation":0,"texture":"#0"},"up":{"uv":[7.0,11.0,6.0,10.0],"tintindex":0,"rotation":0,"texture":"#0"},"down":{"uv":[8.0,10.0,7.0,11.0],"tintindex":0,"rotation":0,"texture":"#0"}}},{"from":[15.4,-14.0,15.4],"to":[16.6,-12.0,16.6],"faces":{"east":{"uv":[9.0,12.0,10.0,14.0],"tintindex":0,"rotation":0,"texture":"#0"},"south":{"uv":[12.0,12.0,13.0,14.0],"tintindex":0,"rotation":0,"texture":"#0"},"north":{"uv":[10.0,12.0,11.0,14.0],"tintindex":0,"rotation":0,"texture":"#0"},"west":{"uv":[11.0,12.0,12.0,14.0],"tintindex":0,"rotation":0,"texture":"#0"},"up":{"uv":[11.0,12.0,10.0,11.0],"tintindex":0,"rotation":0,"texture":"#0"},"down":{"uv":[12.0,11.0,11.0,12.0],"tintindex":0,"rotation":0,"texture":"#0"}}},{"from":[15.2,-10.1,15.2],"to":[16.8,-9.799999,16.8],"faces":{"east":{"uv":[11.0,7.0,13.0,10.0],"tintindex":0,"rotation":0,"texture":"#0"},"south":{"uv":[14.0,7.0,16.0,10.0],"tintindex":0,"rotation":0,"texture":"#0"},"north":{"uv":[12.0,7.0,14.0,10.0],"tintindex":0,"rotation":0,"texture":"#0"},"west":{"uv":[13.0,7.0,15.0,10.0],"tintindex":0,"rotation":0,"texture":"#0"},"up":{"uv":[14.0,9.0,13.0,8.0],"tintindex":0,"rotation":0,"texture":"#0"},"down":{"uv":[15.0,8.0,14.0,9.0],"tintindex":0,"rotation":0,"texture":"#0"}}},{"from":[15.379999,-13.02,15.379999],"to":[16.62,-10.98,16.62],"faces":{"east":{"uv":[12.0,14.0,13.0,16.0],"tintindex":0,"rotation":0,"texture":"#0"},"south":{"uv":[15.0,14.0,16.0,16.0],"tintindex":0,"rotation":0,"texture":"#0"},"north":{"uv":[13.0,14.0,14.0,16.0],"tintindex":0,"rotation":0,"texture":"#0"},"west":{"uv":[14.0,14.0,15.0,16.0],"tintindex":0,"rotation":0,"texture":"#0"},"up":{"uv":[14.0,14.0,13.0,13.0],"tintindex":0,"rotation":0,"texture":"#0"},"down":{"uv":[15.0,13.0,14.0,14.0],"tintindex":0,"rotation":0,"texture":"#0"}}},{"from":[15.3,-12.4,15.3],"to":[16.7,-10.0,16.7],"faces":{"east":{"uv":[5.0,14.0,6.0,16.0],"tintindex":0,"rotation":0,"texture":"#0"},"south":{"uv":[8.0,14.0,9.0,16.0],"tintindex":0,"rotation":0,"texture":"#0"},"north":{"uv":[6.0,14.0,7.0,16.0],"tintindex":0,"rotation":0,"texture":"#0"},"west":{"uv":[7.0,14.0,8.0,16.0],"tintindex":0,"rotation":0,"texture":"#0"},"up":{"uv":[7.0,14.0,6.0,13.0],"tintindex":0,"rotation":0,"texture":"#0"},"down":{"uv":[8.0,13.0,7.0,14.0],"tintindex":0,"rotation":0,"texture":"#0"}}}],"display":{"head":{"rotation":[0.0,0.0,0.0]},"firstperson_righthand":{"rotation":[0.0,0.0,0.0]},"thirdperson_lefthand":{"rotation":[0.0,-0.0,-0.0]},"firstperson_lefthand":{"rotation":[0.0,-0.0,-0.0]},"fixed":{"rotation":[0.0,0.0,0.0]},"ground":{"rotation":[0.0,0.0,0.0]},"thirdperson_righthand":{"rotation":[0.0,0.0,0.0]},"gui":{"rotation":[-150.0,-45.0,180.0]}}}